NPRODUCTO,CONCURSO,R1,R2,R3,R4,R5,FECHA,Multiplicador
60,31787,5,5,7,5,1,18/01/2024,NO
60,31786,3,1,8,2,8,18/01/2024,NO
60,31785,4,7,0,8,0,18/01/2024,NO
60,31784,4,9,9,2,3,18/01/2024,NO
60,31783,5,7,3,0,4,18/01/2024,SI
60,31782,4,8,5,1,3,17/01/2024,SI
60,31781,1,6,3,0,7,17/01/2024,NO
60,31780,5,0,5,5,9,17/01/2024,NO
60,31779,8,4,8,2,9,17/01/2024,NO
60,31778,8,4,8,4,7,17/01/2024,SI
60,31777,0,9,9,2,8,16/01/2024,NO
60,31776,2,6,9,9,1,16/01/2024,NO
60,31775,3,3,9,1,2,16/01/2024,SI
60,31774,8,7,6,4,6,16/01/2024,NO
60,31773,5,7,3,7,1,16/01/2024,SI
60,31772,6,0,7,1,5,15/01/2024,NO
60,31771,7,7,8,8,7,15/01/2024,NO
60,31770,2,7,9,0,7,15/01/2024,SI
60,31769,2,0,3,4,1,15/01/2024,NO
60,31768,4,3,5,8,4,15/01/2024,NO
60,31767,4,0,1,3,4,14/01/2024,NO
60,31766,9,0,8,6,7,14/01/2024,NO
60,31765,1,0,3,9,1,14/01/2024,SI
60,31764,1,4,0,9,7,14/01/2024,NO
60,31763,0,4,3,3,9,14/01/2024,SI
60,31762,9,1,8,8,0,13/01/2024,NO
60,31761,3,8,8,3,3,13/01/2024,SI
60,31760,8,8,8,7,0,13/01/2024,NO
60,31759,9,4,2,0,1,13/01/2024,SI
60,31758,4,8,8,6,9,13/01/2024,NO
60,31757,1,5,1,1,1,12/01/2024,SI
60,31756,3,8,3,5,5,12/01/2024,NO
60,31755,8,1,8,4,5,12/01/2024,SI
60,31754,0,3,4,9,5,12/01/2024,SI
60,31753,3,3,2,4,5,12/01/2024,NO
60,31752,4,2,8,4,3,11/01/2024,SI
60,31751,4,3,0,2,4,11/01/2024,SI
60,31750,6,5,6,7,1,11/01/2024,SI
60,31749,3,8,4,6,8,11/01/2024,SI
60,31748,4,4,5,5,4,11/01/2024,NO
60,31747,4,2,9,0,3,10/01/2024,SI
60,31746,3,6,8,2,7,10/01/2024,SI
60,31745,0,7,2,1,7,10/01/2024,NO
60,31744,4,7,4,7,6,10/01/2024,SI
60,31743,6,5,4,3,7,10/01/2024,NO
60,31742,5,4,9,5,6,09/01/2024,SI
60,31741,4,6,0,7,9,09/01/2024,NO
60,31740,4,0,2,5,6,09/01/2024,NO
60,31739,3,9,2,6,2,09/01/2024,NO
60,31738,9,0,2,2,3,09/01/2024,NO
60,31737,5,2,5,7,3,08/01/2024,NO
60,31736,0,8,6,1,1,08/01/2024,NO
60,31735,9,2,9,3,4,08/01/2024,SI
60,31734,6,7,0,2,9,08/01/2024,SI
60,31733,6,7,6,7,9,08/01/2024,NO
60,31732,8,7,0,4,3,07/01/2024,NO
60,31731,4,4,0,6,5,07/01/2024,SI
60,31730,0,8,1,6,5,07/01/2024,NO
60,31729,4,6,9,9,0,07/01/2024,NO
60,31728,8,0,8,8,1,07/01/2024,NO
60,31727,4,9,2,8,1,06/01/2024,NO
60,31726,6,5,5,5,2,06/01/2024,SI
60,31725,6,3,8,7,9,06/01/2024,NO
60,31724,6,6,6,7,4,06/01/2024,SI
60,31723,2,9,0,9,7,06/01/2024,SI
60,31722,5,5,7,9,8,05/01/2024,NO
60,31721,1,4,9,9,6,05/01/2024,NO
60,31720,5,3,8,5,1,05/01/2024,NO
60,31719,8,4,6,0,4,05/01/2024,SI
60,31718,8,4,2,3,4,05/01/2024,NO
60,31717,8,4,3,8,1,04/01/2024,NO
60,31716,1,5,7,7,1,04/01/2024,NO
60,31715,2,6,8,6,5,04/01/2024,SI
60,31714,6,2,3,1,6,04/01/2024,NO
60,31713,0,2,4,8,3,04/01/2024,NO
60,31712,0,1,6,8,4,03/01/2024,NO
60,31711,0,7,9,9,2,03/01/2024,SI
60,31710,6,2,6,4,9,03/01/2024,NO
60,31709,6,1,5,4,8,03/01/2024,NO
60,31708,7,1,8,9,7,03/01/2024,NO
60,31707,8,7,7,1,1,02/01/2024,SI
60,31706,5,4,7,2,8,02/01/2024,NO
60,31705,1,1,5,2,1,02/01/2024,SI
60,31704,5,2,1,7,3,02/01/2024,NO
60,31703,9,4,7,4,2,02/01/2024,NO
60,31702,1,2,4,1,9,01/01/2024,NO
60,31701,5,6,5,7,2,01/01/2024,SI
60,31700,2,2,4,2,2,01/01/2024,SI
60,31699,9,5,1,6,0,01/01/2024,NO
60,31698,5,6,2,2,8,01/01/2024,NO
60,31697,2,9,6,4,9,31/12/2023,SI
60,31696,2,9,9,0,7,31/12/2023,NO
60,31695,3,0,0,7,6,31/12/2023,SI
60,31694,7,2,3,5,3,31/12/2023,NO
60,31693,1,3,1,4,7,31/12/2023,NO
60,31692,8,9,1,6,3,30/12/2023,NO
60,31691,2,3,6,4,3,30/12/2023,NO
60,31690,2,3,1,4,1,30/12/2023,NO
60,31689,9,4,0,4,7,30/12/2023,NO
60,31688,7,8,9,6,6,30/12/2023,SI
60,31687,1,4,4,9,7,29/12/2023,NO
60,31686,9,9,0,5,6,29/12/2023,NO
60,31685,8,2,2,0,3,29/12/2023,NO
60,31684,2,4,7,4,4,29/12/2023,NO
60,31683,1,5,6,1,5,29/12/2023,NO
60,31682,9,7,4,2,1,28/12/2023,NO
60,31681,8,9,2,9,3,28/12/2023,SI
60,31680,3,3,9,2,8,28/12/2023,SI
60,31679,3,5,0,4,0,28/12/2023,SI
60,31678,6,0,8,6,3,28/12/2023,NO
60,31677,3,8,7,1,0,27/12/2023,SI
60,31676,6,4,1,1,1,27/12/2023,NO
60,31675,2,5,8,3,9,27/12/2023,SI
60,31674,3,1,4,4,2,27/12/2023,NO
60,31673,6,6,9,5,4,27/12/2023,NO
60,31672,0,2,7,9,2,26/12/2023,NO
60,31671,9,0,4,9,6,26/12/2023,NO
60,31670,9,3,8,8,7,26/12/2023,NO
60,31669,9,4,1,7,4,26/12/2023,NO
60,31668,9,7,1,5,4,26/12/2023,NO
60,31667,0,4,2,7,7,25/12/2023,NO
60,31666,0,7,8,5,2,25/12/2023,NO
60,31665,2,0,4,8,2,25/12/2023,NO
60,31664,5,8,5,3,1,25/12/2023,NO
60,31663,6,9,6,5,7,25/12/2023,NO
60,31662,7,3,1,0,0,24/12/2023,NO
60,31661,9,6,8,6,1,24/12/2023,NO
60,31660,7,3,9,1,7,24/12/2023,SI
60,31659,1,0,5,1,8,24/12/2023,NO
60,31658,4,6,4,9,1,24/12/2023,SI
60,31657,8,1,7,3,0,23/12/2023,SI
60,31656,5,3,4,9,6,23/12/2023,NO
60,31655,5,8,4,9,4,23/12/2023,NO
60,31654,1,6,7,3,0,23/12/2023,SI
60,31653,8,2,5,6,2,23/12/2023,NO
60,31652,5,8,6,9,6,22/12/2023,SI
60,31651,9,3,9,4,4,22/12/2023,SI
60,31650,3,8,1,4,0,22/12/2023,NO
60,31649,0,7,6,7,7,22/12/2023,SI
60,31648,7,2,3,0,5,22/12/2023,NO
60,31647,9,8,7,9,7,21/12/2023,NO
60,31646,2,3,3,1,7,21/12/2023,NO
60,31645,8,4,7,8,1,21/12/2023,SI
60,31644,6,1,8,5,0,21/12/2023,NO
60,31643,1,8,1,8,9,21/12/2023,SI
60,31642,6,7,6,8,2,20/12/2023,NO
60,31641,2,9,0,8,3,20/12/2023,NO
60,31640,1,9,8,0,6,20/12/2023,NO
60,31639,7,7,2,7,0,20/12/2023,NO
60,31638,2,7,0,5,4,20/12/2023,NO
60,31637,1,2,4,7,6,19/12/2023,SI
60,31636,5,3,3,9,7,19/12/2023,NO
60,31635,7,3,2,0,5,19/12/2023,NO
60,31634,2,5,4,6,4,19/12/2023,NO
60,31633,1,2,5,3,9,19/12/2023,NO
60,31632,1,4,7,7,6,18/12/2023,NO
60,31631,3,6,4,8,8,18/12/2023,SI
60,31630,3,0,0,8,6,18/12/2023,NO
60,31629,7,5,5,7,1,18/12/2023,NO
60,31628,1,2,0,2,6,18/12/2023,NO
60,31627,2,4,8,7,0,17/12/2023,SI
60,31626,4,3,9,0,8,17/12/2023,NO
60,31625,6,8,0,3,7,17/12/2023,NO
60,31624,6,9,2,9,8,17/12/2023,NO
60,31623,5,4,5,8,0,17/12/2023,NO
60,31622,6,0,0,6,3,16/12/2023,SI
60,31621,2,6,1,7,5,16/12/2023,SI
60,31620,5,1,0,7,5,16/12/2023,SI
60,31619,3,3,3,9,4,16/12/2023,SI
60,31618,3,0,5,1,9,16/12/2023,SI
60,31617,3,2,2,7,0,15/12/2023,NO
60,31616,1,4,0,6,1,15/12/2023,NO
60,31615,1,0,8,1,2,15/12/2023,SI
60,31614,4,1,7,7,9,15/12/2023,NO
60,31613,7,9,5,0,0,15/12/2023,NO
60,31612,1,0,0,1,1,14/12/2023,NO
60,31611,8,4,2,9,0,14/12/2023,NO
60,31610,8,5,9,5,0,14/12/2023,NO
60,31609,5,7,2,3,5,14/12/2023,SI
60,31608,7,8,7,8,4,14/12/2023,NO
60,31607,6,1,5,1,2,13/12/2023,NO
60,31606,8,4,4,1,9,13/12/2023,SI
60,31605,8,4,6,9,2,13/12/2023,NO
60,31604,9,8,6,6,1,13/12/2023,NO
60,31603,7,3,8,2,4,13/12/2023,SI
60,31602,3,3,7,2,7,12/12/2023,SI
60,31601,8,6,3,6,4,12/12/2023,NO
60,31600,8,9,0,5,2,12/12/2023,SI
60,31599,2,2,3,9,3,12/12/2023,SI
60,31598,5,8,1,8,3,12/12/2023,SI
60,31597,8,4,8,2,6,11/12/2023,NO
60,31596,2,9,1,6,5,11/12/2023,NO
60,31595,2,7,4,8,9,11/12/2023,NO
60,31594,3,8,9,4,7,11/12/2023,NO
60,31593,9,6,1,3,1,11/12/2023,NO
60,31592,3,3,6,8,3,10/12/2023,SI
60,31591,8,7,1,0,6,10/12/2023,NO
60,31590,9,2,8,1,6,10/12/2023,SI
60,31589,4,1,1,8,0,10/12/2023,NO
60,31588,5,1,6,7,2,10/12/2023,NO
60,31587,7,9,6,3,9,09/12/2023,SI
60,31586,4,8,3,9,3,09/12/2023,NO
60,31585,3,6,6,1,8,09/12/2023,NO
60,31584,1,0,6,3,3,09/12/2023,NO
60,31583,3,1,5,4,0,09/12/2023,NO
60,31582,1,8,9,0,6,08/12/2023,NO
60,31581,9,3,5,6,6,08/12/2023,NO
60,31580,8,6,4,0,7,08/12/2023,SI
60,31579,8,6,4,0,3,08/12/2023,SI
60,31578,7,0,4,2,1,08/12/2023,NO
60,31577,3,7,0,5,5,07/12/2023,NO
60,31576,3,0,2,2,0,07/12/2023,NO
60,31575,5,9,7,6,0,07/12/2023,SI
60,31574,7,2,7,3,4,07/12/2023,NO
60,31573,2,7,0,5,1,07/12/2023,NO
60,31572,2,3,0,2,9,06/12/2023,NO
60,31571,8,9,2,7,8,06/12/2023,NO
60,31570,8,6,7,9,9,06/12/2023,NO
60,31569,1,3,0,0,3,06/12/2023,NO
60,31568,5,6,0,3,3,06/12/2023,NO
60,31567,1,7,6,2,8,05/12/2023,SI
60,31566,9,9,3,6,2,05/12/2023,NO
60,31565,6,2,8,0,6,05/12/2023,NO
60,31564,6,2,6,4,1,05/12/2023,NO
60,31563,1,4,5,3,7,05/12/2023,NO
60,31562,4,7,5,8,0,04/12/2023,NO
60,31561,5,7,6,4,5,04/12/2023,NO
60,31560,6,4,0,4,5,04/12/2023,NO
60,31559,7,6,0,8,4,04/12/2023,NO
60,31558,6,2,1,4,0,04/12/2023,NO
60,31557,8,9,9,6,0,03/12/2023,NO
60,31556,3,6,0,3,4,03/12/2023,NO
60,31555,9,4,9,7,1,03/12/2023,NO
60,31554,2,7,4,3,9,03/12/2023,SI
60,31553,9,8,7,6,3,03/12/2023,NO
60,31552,5,7,8,0,0,02/12/2023,NO
60,31551,4,4,1,4,6,02/12/2023,NO
60,31550,5,0,5,7,2,02/12/2023,NO
60,31549,5,1,8,5,1,02/12/2023,NO
60,31548,3,9,6,9,3,02/12/2023,SI
60,31547,9,2,6,2,2,01/12/2023,NO
60,31546,8,9,5,5,7,01/12/2023,NO
60,31545,1,5,1,8,5,01/12/2023,NO
60,31544,3,5,9,1,0,01/12/2023,SI
60,31543,3,6,4,7,5,01/12/2023,SI
60,31542,9,0,8,3,2,30/11/2023,NO
60,31541,1,5,7,5,5,30/11/2023,SI
60,31540,1,7,5,9,1,30/11/2023,NO
60,31539,7,7,5,9,4,30/11/2023,NO
60,31538,9,4,3,9,1,30/11/2023,SI
60,31537,9,1,2,6,5,29/11/2023,SI
60,31536,6,4,5,9,0,29/11/2023,NO
60,31535,8,4,8,0,6,29/11/2023,SI
60,31534,6,6,6,4,9,29/11/2023,NO
60,31533,4,2,5,7,7,29/11/2023,SI
60,31532,7,1,8,5,3,28/11/2023,NO
60,31531,4,5,7,5,9,28/11/2023,SI
60,31530,4,0,2,9,8,28/11/2023,SI
60,31529,3,3,4,6,4,28/11/2023,NO
60,31528,8,0,6,7,4,28/11/2023,NO
60,31527,8,5,6,9,8,27/11/2023,NO
60,31526,9,7,3,8,8,27/11/2023,NO
60,31525,4,5,4,6,8,27/11/2023,NO
60,31524,7,1,2,0,9,27/11/2023,NO
60,31523,2,6,1,7,4,27/11/2023,SI
60,31522,9,0,3,7,9,26/11/2023,SI
60,31521,4,2,1,7,5,26/11/2023,NO
60,31520,3,6,8,1,0,26/11/2023,NO
60,31519,5,6,3,0,2,26/11/2023,NO
60,31518,9,2,7,7,1,26/11/2023,NO
60,31517,2,0,0,2,2,25/11/2023,NO
60,31516,9,3,0,7,1,25/11/2023,NO
60,31515,2,2,2,8,3,25/11/2023,NO
60,31514,3,4,2,9,0,25/11/2023,SI
60,31513,9,6,9,4,8,25/11/2023,SI
60,31512,1,5,6,1,9,24/11/2023,NO
60,31511,2,8,9,3,6,24/11/2023,NO
60,31510,5,8,6,0,1,24/11/2023,SI
60,31509,1,9,6,6,9,24/11/2023,NO
60,31508,0,4,6,0,8,24/11/2023,SI
60,31507,3,9,9,9,3,23/11/2023,NO
60,31506,6,0,4,5,0,23/11/2023,NO
60,31505,1,8,9,6,1,23/11/2023,NO
60,31504,4,5,0,1,2,23/11/2023,NO
60,31503,0,2,0,8,1,23/11/2023,NO
60,31502,9,6,6,2,9,22/11/2023,SI
60,31501,9,1,7,0,7,22/11/2023,SI
60,31500,0,2,5,2,5,22/11/2023,NO
60,31499,3,2,0,9,3,22/11/2023,SI
60,31498,7,6,2,2,3,22/11/2023,NO
60,31497,4,8,6,9,8,21/11/2023,NO
60,31496,3,9,8,1,8,21/11/2023,SI
60,31495,9,7,2,3,9,21/11/2023,NO
60,31494,5,9,3,2,3,21/11/2023,NO
60,31493,9,3,9,6,6,21/11/2023,NO
60,31492,0,6,1,5,9,20/11/2023,NO
60,31491,7,2,8,0,0,20/11/2023,SI
60,31490,9,6,9,0,4,20/11/2023,NO
60,31489,2,6,3,8,2,20/11/2023,SI
60,31488,2,1,9,8,8,20/11/2023,SI
60,31487,6,0,7,8,7,19/11/2023,NO
60,31486,5,0,6,2,7,19/11/2023,NO
60,31485,6,3,5,5,1,19/11/2023,SI
60,31484,2,6,1,6,6,19/11/2023,NO
60,31483,3,3,2,5,6,19/11/2023,SI
60,31482,9,3,6,6,1,18/11/2023,NO
60,31481,4,0,2,0,2,18/11/2023,NO
60,31480,0,9,2,1,0,18/11/2023,NO
60,31479,7,7,0,4,9,18/11/2023,NO
60,31478,2,1,8,0,7,18/11/2023,NO
60,31477,8,9,1,6,9,17/11/2023,SI
60,31476,0,6,1,8,2,17/11/2023,NO
60,31475,7,3,8,6,9,17/11/2023,SI
60,31474,6,7,8,2,3,17/11/2023,SI
60,31473,4,0,4,8,1,17/11/2023,SI
60,31472,1,9,9,0,2,16/11/2023,SI
60,31471,8,2,5,1,3,16/11/2023,NO
60,31470,1,6,6,7,8,16/11/2023,NO
60,31469,5,0,0,9,7,16/11/2023,NO
60,31468,3,5,5,8,5,16/11/2023,NO
60,31467,3,4,6,2,5,15/11/2023,SI
60,31466,0,1,1,7,3,15/11/2023,NO
60,31465,5,1,9,7,5,15/11/2023,NO
60,31464,2,1,2,4,9,15/11/2023,NO
60,31463,3,2,7,1,5,15/11/2023,SI
60,31462,6,6,5,3,5,14/11/2023,NO
60,31461,6,5,3,2,4,14/11/2023,SI
60,31460,7,7,9,4,1,14/11/2023,NO
60,31459,5,5,2,4,6,14/11/2023,NO
60,31458,3,9,5,0,8,14/11/2023,NO
60,31457,9,0,8,6,9,13/11/2023,NO
60,31456,5,9,2,5,4,13/11/2023,NO
60,31455,3,4,7,7,5,13/11/2023,SI
60,31454,5,7,7,1,3,13/11/2023,NO
60,31453,8,7,2,8,2,13/11/2023,SI
60,31452,5,2,2,3,2,12/11/2023,NO
60,31451,8,6,9,7,1,12/11/2023,NO
60,31450,3,8,4,5,0,12/11/2023,NO
60,31449,7,7,7,8,0,12/11/2023,NO
60,31448,2,1,3,5,3,12/11/2023,SI
60,31447,6,4,0,5,4,11/11/2023,SI
60,31446,5,3,1,3,4,11/11/2023,SI
60,31445,1,7,0,9,7,11/11/2023,NO
60,31444,0,6,3,5,7,11/11/2023,NO
60,31443,2,1,4,1,1,11/11/2023,NO
60,31442,7,0,1,2,0,10/11/2023,SI
60,31441,6,5,6,3,0,10/11/2023,NO
60,31440,4,2,2,8,9,10/11/2023,SI
60,31439,2,3,8,8,2,10/11/2023,NO
60,31438,8,0,0,7,0,10/11/2023,NO
60,31437,5,9,0,6,1,09/11/2023,NO
60,31436,1,5,9,9,1,09/11/2023,SI
60,31435,1,3,8,5,9,09/11/2023,SI
60,31434,5,3,1,7,5,09/11/2023,NO
60,31433,1,5,5,8,0,09/11/2023,NO
60,31432,3,2,7,5,8,08/11/2023,SI
60,31431,8,1,0,1,2,08/11/2023,NO
60,31430,4,1,6,4,3,08/11/2023,SI
60,31429,6,6,2,2,1,08/11/2023,NO
60,31428,4,5,6,7,5,08/11/2023,NO
60,31427,4,8,0,7,2,07/11/2023,NO
60,31426,4,2,1,4,1,07/11/2023,NO
60,31425,7,2,0,0,7,07/11/2023,NO
60,31424,3,0,5,5,5,07/11/2023,NO
60,31423,0,0,2,5,3,07/11/2023,NO
60,31422,0,3,1,9,5,06/11/2023,NO
60,31421,5,7,3,5,6,06/11/2023,NO
60,31420,6,5,6,7,9,06/11/2023,NO
60,31419,9,7,3,7,2,06/11/2023,NO
60,31418,2,0,8,8,1,06/11/2023,NO
60,31417,5,8,0,1,1,05/11/2023,SI
60,31416,7,8,0,8,0,05/11/2023,NO
60,31415,6,8,1,2,8,05/11/2023,SI
60,31414,2,6,0,2,3,05/11/2023,NO
60,31413,6,5,6,2,9,05/11/2023,NO
60,31412,6,6,8,9,3,04/11/2023,SI
60,31411,3,8,0,8,9,04/11/2023,SI
60,31410,0,3,0,1,9,04/11/2023,NO
60,31409,7,7,5,3,1,04/11/2023,SI
60,31408,2,3,8,3,1,04/11/2023,NO
60,31407,8,3,1,5,2,03/11/2023,NO
60,31406,2,0,6,1,5,03/11/2023,SI
60,31405,0,8,9,7,5,03/11/2023,SI
60,31404,4,9,1,5,0,03/11/2023,SI
60,31403,6,8,5,6,1,03/11/2023,SI
60,31402,8,9,6,7,9,02/11/2023,NO
60,31401,3,3,0,1,4,02/11/2023,NO
60,31400,0,3,6,4,3,02/11/2023,NO
60,31399,0,6,0,4,9,02/11/2023,SI
60,31398,5,1,9,1,5,02/11/2023,NO
60,31397,2,5,5,6,5,01/11/2023,NO
60,31396,2,0,2,2,3,01/11/2023,NO
60,31395,0,7,1,3,5,01/11/2023,NO
60,31394,7,5,5,2,3,01/11/2023,NO
60,31393,7,0,9,1,7,01/11/2023,SI
60,31392,4,5,4,1,7,31/10/2023,NO
60,31391,3,8,9,6,1,31/10/2023,NO
60,31390,2,6,5,1,4,31/10/2023,SI
60,31389,5,4,9,4,9,31/10/2023,SI
60,31388,3,3,6,0,3,31/10/2023,NO
60,31387,7,5,7,4,4,30/10/2023,NO
60,31386,2,1,4,1,4,30/10/2023,NO
60,31385,3,2,0,6,3,30/10/2023,NO
60,31384,1,9,0,3,1,30/10/2023,SI
60,31383,1,3,0,3,5,30/10/2023,SI
60,31382,2,8,4,8,9,29/10/2023,SI
60,31381,3,3,0,0,0,29/10/2023,SI
60,31380,4,5,4,5,5,29/10/2023,SI
60,31379,6,7,7,0,9,29/10/2023,NO
60,31378,7,6,0,3,2,29/10/2023,NO
60,31377,9,8,7,6,0,28/10/2023,NO
60,31376,5,4,0,1,3,28/10/2023,SI
60,31375,5,7,0,7,9,28/10/2023,NO
60,31374,9,7,7,2,6,28/10/2023,NO
60,31373,8,8,7,8,7,28/10/2023,NO
60,31372,4,5,4,9,7,27/10/2023,NO
60,31371,0,3,3,4,4,27/10/2023,NO
60,31370,1,3,7,2,3,27/10/2023,NO
60,31369,7,1,1,1,3,27/10/2023,NO
60,31368,4,9,1,5,2,27/10/2023,SI
60,31367,6,2,3,7,7,26/10/2023,NO
60,31366,4,8,9,2,4,26/10/2023,SI
60,31365,6,1,1,2,6,26/10/2023,SI
60,31364,6,7,8,4,7,26/10/2023,NO
60,31363,3,5,4,5,6,26/10/2023,NO
60,31362,1,6,5,3,6,25/10/2023,NO
60,31361,7,3,6,8,8,25/10/2023,NO
60,31360,5,0,5,1,3,25/10/2023,NO
60,31359,5,3,8,0,5,25/10/2023,SI
60,31358,7,0,1,2,8,25/10/2023,NO
60,31357,0,0,1,2,1,24/10/2023,NO
60,31356,5,0,5,5,0,24/10/2023,NO
60,31355,2,2,9,9,3,24/10/2023,NO
60,31354,2,2,1,5,1,24/10/2023,NO
60,31353,3,5,9,0,5,24/10/2023,NO
60,31352,9,1,2,6,8,23/10/2023,NO
60,31351,1,2,7,9,2,23/10/2023,NO
60,31350,3,2,8,2,7,23/10/2023,NO
60,31349,2,3,8,6,4,23/10/2023,SI
60,31348,7,8,4,5,8,23/10/2023,NO
60,31347,6,1,1,6,0,22/10/2023,SI
60,31346,6,9,8,5,1,22/10/2023,SI
60,31345,8,2,7,1,0,22/10/2023,NO
60,31344,6,5,1,4,2,22/10/2023,NO
60,31343,7,0,2,2,3,22/10/2023,NO
60,31342,8,7,5,5,6,21/10/2023,SI
60,31341,1,3,6,8,3,21/10/2023,NO
60,31340,1,0,7,6,5,21/10/2023,SI
60,31339,1,9,8,8,2,21/10/2023,NO
60,31338,8,4,2,3,3,21/10/2023,NO
60,31337,2,7,5,3,8,20/10/2023,NO
60,31336,5,7,0,6,8,20/10/2023,NO
60,31335,9,7,0,7,3,20/10/2023,NO
60,31334,8,5,9,7,3,20/10/2023,SI
60,31333,4,6,9,1,6,20/10/2023,NO
60,31332,0,1,9,2,1,19/10/2023,SI
60,31331,1,9,6,5,8,19/10/2023,NO
60,31330,1,7,2,2,7,19/10/2023,NO
60,31329,8,0,2,3,0,19/10/2023,NO
60,31328,0,0,8,0,1,19/10/2023,NO
60,31327,4,9,0,2,5,18/10/2023,NO
60,31326,0,9,6,1,5,18/10/2023,SI
60,31325,6,8,6,3,1,18/10/2023,NO
60,31324,4,9,6,1,0,18/10/2023,SI
60,31323,6,8,8,0,4,18/10/2023,NO
60,31322,1,7,3,8,0,17/10/2023,NO
60,31321,2,7,4,3,6,17/10/2023,NO
60,31320,3,0,2,9,8,17/10/2023,SI
60,31319,0,8,5,1,8,17/10/2023,NO
60,31318,9,5,7,5,2,17/10/2023,NO
60,31317,2,1,2,5,4,16/10/2023,NO
60,31316,0,1,1,7,7,16/10/2023,NO
60,31315,5,2,3,0,9,16/10/2023,NO
60,31314,5,9,8,7,2,16/10/2023,NO
60,31313,7,0,9,7,1,16/10/2023,NO
60,31312,6,8,7,7,8,15/10/2023,SI
60,31311,4,8,7,1,5,15/10/2023,NO
60,31310,7,2,7,9,6,15/10/2023,SI
60,31309,8,2,9,7,3,15/10/2023,NO
60,31308,1,7,5,8,4,15/10/2023,SI
60,31307,2,1,2,4,2,14/10/2023,NO
60,31306,3,9,1,4,8,14/10/2023,NO
60,31305,5,3,3,4,3,14/10/2023,SI
60,31304,2,7,0,8,7,14/10/2023,NO
60,31303,8,3,7,1,2,14/10/2023,SI
60,31302,1,8,6,4,5,13/10/2023,NO
60,31301,6,2,2,6,8,13/10/2023,NO
60,31300,4,0,6,6,1,13/10/2023,NO
60,31299,6,0,2,0,5,13/10/2023,SI
60,31298,4,3,2,8,1,13/10/2023,SI
60,31297,2,0,7,3,9,12/10/2023,NO
60,31296,9,5,5,1,7,12/10/2023,NO
60,31295,9,2,3,6,0,12/10/2023,NO
60,31294,2,8,8,5,9,12/10/2023,SI
60,31293,3,9,2,7,0,12/10/2023,SI
60,31292,4,4,8,1,7,11/10/2023,SI
60,31291,7,6,1,7,6,11/10/2023,NO
60,31290,0,2,7,2,6,11/10/2023,NO
60,31289,0,5,9,8,1,11/10/2023,NO
60,31288,8,4,8,4,7,11/10/2023,SI
60,31287,8,4,0,1,2,10/10/2023,NO
60,31286,3,1,6,2,3,10/10/2023,NO
60,31285,6,7,1,8,0,10/10/2023,NO
60,31284,4,2,4,6,0,10/10/2023,NO
60,31283,2,2,5,7,1,10/10/2023,NO
60,31282,7,1,5,9,7,09/10/2023,NO
60,31281,9,7,3,8,5,09/10/2023,NO
60,31280,4,6,0,1,4,09/10/2023,SI
60,31279,6,4,2,6,3,09/10/2023,NO
60,31278,8,6,0,6,2,09/10/2023,SI
60,31277,2,3,1,7,0,08/10/2023,NO
60,31276,1,5,6,0,1,08/10/2023,NO
60,31275,3,2,8,0,9,08/10/2023,SI
60,31274,9,3,9,0,3,08/10/2023,NO
60,31273,4,7,2,6,0,08/10/2023,SI
60,31272,1,6,2,3,0,07/10/2023,NO
60,31271,5,3,0,7,1,07/10/2023,SI
60,31270,1,3,9,4,1,07/10/2023,NO
60,31269,5,3,4,8,5,07/10/2023,NO
60,31268,0,7,6,8,7,07/10/2023,NO
60,31267,8,3,7,3,6,06/10/2023,SI
60,31266,8,3,9,0,4,06/10/2023,NO
60,31265,0,6,5,9,0,06/10/2023,NO
60,31264,8,5,6,4,0,06/10/2023,SI
60,31263,5,7,7,6,1,06/10/2023,NO
60,31262,0,6,0,9,8,05/10/2023,NO
60,31261,1,9,8,2,2,05/10/2023,NO
60,31260,4,2,3,4,8,05/10/2023,NO
60,31259,5,5,0,4,5,05/10/2023,NO
60,31258,4,8,0,7,7,05/10/2023,NO
60,31257,3,7,9,4,5,04/10/2023,SI
60,31256,5,1,6,6,9,04/10/2023,NO
60,31255,3,6,6,3,5,04/10/2023,NO
60,31254,0,8,4,7,2,04/10/2023,NO
60,31253,3,5,7,4,7,04/10/2023,NO
60,31252,4,0,9,3,2,03/10/2023,NO
60,31251,5,9,8,5,7,03/10/2023,NO
60,31250,2,2,2,5,3,03/10/2023,NO
60,31249,7,8,5,4,8,03/10/2023,NO
60,31248,7,7,1,3,3,03/10/2023,NO
60,31247,0,7,7,8,8,02/10/2023,SI
60,31246,4,7,6,1,2,02/10/2023,NO
60,31245,5,2,1,3,2,02/10/2023,SI
60,31244,1,9,8,3,8,02/10/2023,NO
60,31243,5,4,2,5,9,02/10/2023,SI
60,31242,7,5,3,5,8,01/10/2023,NO
60,31241,1,8,7,4,7,01/10/2023,SI
60,31240,0,0,8,3,0,01/10/2023,SI
60,31239,1,2,3,0,8,01/10/2023,NO
60,31238,8,7,8,1,3,01/10/2023,NO
60,31237,7,2,0,2,6,30/09/2023,SI
60,31236,8,5,6,8,1,30/09/2023,NO
60,31235,4,9,9,9,0,30/09/2023,NO
60,31234,3,0,1,3,2,30/09/2023,SI
60,31233,4,4,3,2,6,30/09/2023,NO
60,31232,1,9,9,8,8,29/09/2023,SI
60,31231,0,5,7,6,5,29/09/2023,NO
60,31230,7,3,0,0,6,29/09/2023,NO
60,31229,7,9,5,8,4,29/09/2023,SI
60,31228,2,1,2,9,0,29/09/2023,SI
60,31227,2,5,2,5,8,28/09/2023,NO
60,31226,9,0,1,1,5,28/09/2023,SI
60,31225,8,3,3,3,5,28/09/2023,NO
60,31224,0,1,3,0,7,28/09/2023,SI
60,31223,0,3,6,0,1,28/09/2023,NO
60,31222,0,0,2,6,8,27/09/2023,SI
60,31221,0,5,5,1,3,27/09/2023,NO
60,31220,1,9,8,4,1,27/09/2023,SI
60,31219,6,2,2,5,9,27/09/2023,NO
60,31218,3,1,7,1,7,27/09/2023,NO
60,31217,3,3,9,6,9,26/09/2023,SI
60,31216,2,2,0,0,7,26/09/2023,NO
60,31215,6,6,6,5,6,26/09/2023,SI
60,31214,7,1,3,3,4,26/09/2023,NO
60,31213,0,1,5,2,6,26/09/2023,NO
60,31212,4,7,8,2,7,25/09/2023,NO
60,31211,3,1,3,8,9,25/09/2023,NO
60,31210,3,4,8,5,1,25/09/2023,SI
60,31209,7,2,9,2,0,25/09/2023,NO
60,31208,2,1,5,6,6,25/09/2023,NO
60,31207,3,6,3,0,4,24/09/2023,NO
60,31206,2,2,1,6,6,24/09/2023,NO
60,31205,5,0,3,3,0,24/09/2023,NO
60,31204,7,0,2,8,5,24/09/2023,NO
60,31203,9,3,9,7,6,24/09/2023,SI
60,31202,4,6,8,2,1,23/09/2023,SI
60,31201,2,0,6,0,3,23/09/2023,NO
60,31200,9,6,9,8,5,23/09/2023,NO
60,31199,9,8,2,3,5,23/09/2023,NO
60,31198,6,7,2,7,2,23/09/2023,NO
60,31197,2,3,8,0,6,22/09/2023,NO
60,31196,4,7,8,7,8,22/09/2023,NO
60,31195,5,1,3,6,4,22/09/2023,SI
60,31194,9,3,1,8,9,22/09/2023,SI
60,31193,5,7,0,9,3,22/09/2023,NO
60,31192,8,4,0,0,5,21/09/2023,SI
60,31191,0,3,0,8,7,21/09/2023,NO
60,31190,5,4,5,1,5,21/09/2023,NO
60,31189,1,1,9,9,9,21/09/2023,SI
60,31188,2,6,1,3,5,21/09/2023,SI
60,31187,1,4,5,6,5,20/09/2023,NO
60,31186,6,9,8,5,9,20/09/2023,SI
60,31185,2,8,9,4,9,20/09/2023,SI
60,31184,6,2,0,0,2,20/09/2023,NO
60,31183,4,7,3,7,4,20/09/2023,NO
60,31182,5,0,3,6,5,19/09/2023,SI
60,31181,0,1,7,9,0,19/09/2023,SI
60,31180,4,8,3,8,9,19/09/2023,NO
60,31179,8,5,0,6,3,19/09/2023,SI
60,31178,5,8,9,1,0,19/09/2023,SI
60,31177,4,1,3,7,8,18/09/2023,NO
60,31176,6,8,4,4,9,18/09/2023,NO
60,31175,7,9,8,5,3,18/09/2023,NO
60,31174,0,4,2,0,7,18/09/2023,NO
60,31173,4,4,9,5,7,18/09/2023,NO
60,31172,9,7,2,2,5,17/09/2023,NO
60,31171,3,1,5,2,0,17/09/2023,NO
60,31170,4,4,1,0,0,17/09/2023,SI
60,31169,7,4,1,0,9,17/09/2023,NO
60,31168,2,7,1,7,5,17/09/2023,NO
60,31167,7,0,6,8,5,16/09/2023,SI
60,31166,3,9,1,0,5,16/09/2023,NO
60,31165,0,3,9,4,7,16/09/2023,NO
60,31164,7,9,3,6,0,16/09/2023,NO
60,31163,7,7,5,5,8,16/09/2023,NO
60,31162,3,8,0,9,7,15/09/2023,SI
60,31161,7,5,9,8,7,15/09/2023,NO
60,31160,5,5,4,9,4,15/09/2023,SI
60,31159,0,3,7,9,9,15/09/2023,NO
60,31158,9,7,2,6,4,15/09/2023,NO
60,31157,8,1,1,6,3,14/09/2023,NO
60,31156,0,7,6,4,5,14/09/2023,NO
60,31155,1,4,7,5,7,14/09/2023,NO
60,31154,6,6,2,5,3,14/09/2023,NO
60,31153,7,3,0,1,1,14/09/2023,NO
60,31152,2,1,0,8,9,13/09/2023,NO
60,31151,7,9,7,0,5,13/09/2023,NO
60,31150,9,1,4,6,9,13/09/2023,NO
60,31149,8,4,0,1,0,13/09/2023,SI
60,31148,1,4,8,2,9,13/09/2023,NO
60,31147,6,8,2,3,5,12/09/2023,NO
60,31146,1,3,2,9,9,12/09/2023,SI
60,31145,0,3,5,3,2,12/09/2023,SI
60,31144,1,4,1,7,2,12/09/2023,SI
60,31143,2,6,9,0,2,12/09/2023,NO
60,31142,6,8,0,4,4,11/09/2023,SI
60,31141,8,0,7,3,9,11/09/2023,NO
60,31140,9,5,6,0,2,11/09/2023,NO
60,31139,8,0,3,9,2,11/09/2023,NO
60,31138,1,1,8,5,1,11/09/2023,SI
60,31137,7,1,3,6,7,10/09/2023,SI
60,31136,1,5,1,8,1,10/09/2023,NO
60,31135,2,1,6,1,1,10/09/2023,NO
60,31134,2,4,1,4,5,10/09/2023,NO
60,31133,2,0,5,5,2,10/09/2023,NO
60,31132,0,4,3,1,7,09/09/2023,SI
60,31131,3,0,1,0,6,09/09/2023,NO
60,31130,0,9,6,3,5,09/09/2023,NO
60,31129,9,4,6,4,8,09/09/2023,SI
60,31128,6,3,9,1,1,09/09/2023,NO
60,31127,2,2,7,7,4,08/09/2023,NO
60,31126,1,2,0,5,0,08/09/2023,SI
60,31125,5,0,4,8,2,08/09/2023,SI
60,31124,3,7,9,5,8,08/09/2023,NO
60,31123,7,2,0,2,9,08/09/2023,SI
60,31122,8,9,4,0,2,07/09/2023,NO
60,31121,3,2,7,1,8,07/09/2023,NO
60,31120,7,2,6,6,2,07/09/2023,SI
60,31119,7,6,9,1,1,07/09/2023,NO
60,31118,6,3,2,6,6,07/09/2023,NO
60,31117,3,7,3,1,2,06/09/2023,SI
60,31116,2,0,6,6,8,06/09/2023,NO
60,31115,8,2,1,7,4,06/09/2023,NO
60,31114,5,4,5,8,8,06/09/2023,NO
60,31113,0,8,3,5,6,06/09/2023,NO
60,31112,1,7,3,1,3,05/09/2023,SI
60,31111,8,9,5,0,2,05/09/2023,NO
60,31110,9,3,9,0,8,05/09/2023,SI
60,31109,9,3,1,9,5,05/09/2023,SI
60,31108,0,8,9,7,6,05/09/2023,SI
60,31107,6,2,4,9,6,04/09/2023,NO
60,31106,1,1,8,8,5,04/09/2023,NO
60,31105,3,7,6,4,5,04/09/2023,NO
60,31104,5,7,7,2,5,04/09/2023,NO
60,31103,4,1,4,0,5,04/09/2023,NO
60,31102,4,5,1,6,3,03/09/2023,SI
60,31101,8,2,2,3,0,03/09/2023,NO
60,31100,8,3,1,2,7,03/09/2023,NO
60,31099,8,2,0,9,7,03/09/2023,NO
60,31098,3,1,5,3,3,03/09/2023,NO
60,31097,3,3,8,3,4,02/09/2023,NO
60,31096,5,9,2,1,1,02/09/2023,NO
60,31095,2,8,6,0,0,02/09/2023,NO
60,31094,6,0,1,2,0,02/09/2023,SI
60,31093,3,1,4,6,7,02/09/2023,SI
60,31092,3,2,4,7,7,01/09/2023,NO
60,31091,5,7,3,4,0,01/09/2023,NO
60,31090,3,7,2,0,4,01/09/2023,SI
60,31089,1,0,9,8,6,01/09/2023,SI
60,31088,8,7,0,0,4,01/09/2023,SI
60,31087,5,9,6,1,7,31/08/2023,NO
60,31086,0,2,3,7,3,31/08/2023,NO
60,31085,1,6,3,8,2,31/08/2023,NO
60,31084,6,9,4,3,1,31/08/2023,NO
60,31083,4,9,5,2,5,31/08/2023,NO
60,31082,8,0,7,5,7,30/08/2023,NO
60,31081,9,7,8,0,6,30/08/2023,NO
60,31080,8,2,4,4,5,30/08/2023,NO
60,31079,5,0,0,4,4,30/08/2023,NO
60,31078,7,1,1,4,9,30/08/2023,NO
60,31077,4,6,7,0,7,29/08/2023,NO
60,31076,4,5,1,3,9,29/08/2023,NO
60,31075,2,3,2,1,4,29/08/2023,NO
60,31074,6,2,5,9,1,29/08/2023,NO
60,31073,1,9,0,3,5,29/08/2023,NO
60,31072,7,2,0,3,1,28/08/2023,NO
60,31071,0,9,0,9,8,28/08/2023,NO
60,31070,1,9,8,4,6,28/08/2023,NO
60,31069,9,7,2,0,4,28/08/2023,NO
60,31068,5,9,3,7,8,28/08/2023,SI
60,31067,3,4,3,6,2,27/08/2023,SI
60,31066,3,5,8,6,9,27/08/2023,NO
60,31065,2,0,0,8,5,27/08/2023,SI
60,31064,4,4,6,3,3,27/08/2023,SI
60,31063,0,2,1,8,6,27/08/2023,NO
60,31062,3,0,0,1,8,26/08/2023,NO
60,31061,0,2,8,5,3,26/08/2023,NO
60,31060,5,8,3,4,6,26/08/2023,NO
60,31059,9,5,4,2,8,26/08/2023,NO
60,31058,0,8,0,9,3,26/08/2023,NO
60,31057,1,2,2,2,2,25/08/2023,SI
60,31056,7,8,6,0,4,25/08/2023,NO
60,31055,6,2,2,0,3,25/08/2023,SI
60,31054,2,6,0,9,5,25/08/2023,NO
60,31053,9,9,4,3,5,25/08/2023,SI
60,31052,3,6,0,5,2,24/08/2023,NO
60,31051,0,3,5,7,5,24/08/2023,NO
60,31050,9,7,0,6,2,24/08/2023,NO
60,31049,3,0,6,1,2,24/08/2023,SI
60,31048,6,2,7,6,8,24/08/2023,SI
60,31047,2,3,3,5,0,23/08/2023,NO
60,31046,1,2,1,9,5,23/08/2023,SI
60,31045,8,9,5,9,7,23/08/2023,SI
60,31044,4,9,1,0,3,23/08/2023,NO
60,31043,8,6,6,9,9,23/08/2023,NO
60,31042,7,0,2,7,5,22/08/2023,SI
60,31041,8,0,6,7,7,22/08/2023,NO
60,31040,0,0,9,5,7,22/08/2023,SI
60,31039,9,8,5,6,2,22/08/2023,SI
60,31038,8,8,3,3,0,22/08/2023,SI
60,31037,5,0,6,5,2,21/08/2023,NO
60,31036,8,2,5,2,0,21/08/2023,NO
60,31035,7,2,0,2,0,21/08/2023,NO
60,31034,1,0,6,1,0,21/08/2023,NO
60,31033,2,6,6,5,1,21/08/2023,NO
60,31032,8,3,2,9,9,20/08/2023,SI
60,31031,8,6,9,9,5,20/08/2023,NO
60,31030,8,1,2,0,0,20/08/2023,NO
60,31029,4,9,1,8,1,20/08/2023,NO
60,31028,6,1,4,2,2,20/08/2023,NO
60,31027,0,2,9,0,2,19/08/2023,SI
60,31026,8,0,1,8,7,19/08/2023,SI
60,31025,0,9,6,2,0,19/08/2023,NO
60,31024,8,8,4,8,4,19/08/2023,NO
60,31023,9,0,1,2,9,19/08/2023,NO
60,31022,0,3,9,7,6,18/08/2023,SI
60,31021,8,8,6,6,8,18/08/2023,SI
60,31020,8,0,6,9,3,18/08/2023,SI
60,31019,0,1,2,1,8,18/08/2023,NO
60,31018,0,3,2,8,7,18/08/2023,NO
60,31017,4,7,1,1,2,17/08/2023,NO
60,31016,8,6,4,3,2,17/08/2023,NO
60,31015,0,3,2,6,3,17/08/2023,SI
60,31014,4,2,7,5,2,17/08/2023,NO
60,31013,4,7,7,4,0,17/08/2023,SI
60,31012,6,9,3,6,8,16/08/2023,NO
60,31011,2,0,3,1,7,16/08/2023,NO
60,31010,3,2,2,7,1,16/08/2023,NO
60,31009,2,2,8,6,1,16/08/2023,SI
60,31008,7,4,4,7,1,16/08/2023,NO
60,31007,3,1,4,5,6,15/08/2023,SI
60,31006,3,7,9,0,9,15/08/2023,SI
60,31005,5,7,4,6,1,15/08/2023,SI
60,31004,5,1,5,5,8,15/08/2023,NO
60,31003,3,2,3,9,5,15/08/2023,NO
60,31002,5,0,7,7,8,14/08/2023,NO
60,31001,1,3,7,9,4,14/08/2023,SI
60,31000,3,0,6,9,2,14/08/2023,NO
60,30999,3,0,2,3,4,14/08/2023,NO
60,30998,6,4,7,4,4,14/08/2023,SI
60,30997,1,5,8,2,9,13/08/2023,NO
60,30996,8,0,4,1,4,13/08/2023,NO
60,30995,7,3,0,3,1,13/08/2023,SI
60,30994,8,8,3,0,8,13/08/2023,SI
60,30993,1,1,8,0,3,13/08/2023,SI
60,30992,7,6,6,2,2,12/08/2023,NO
60,30991,1,9,2,3,0,12/08/2023,NO
60,30990,1,2,3,5,0,12/08/2023,SI
60,30989,9,8,9,6,4,12/08/2023,NO
60,30988,1,1,7,1,0,12/08/2023,SI
60,30987,2,6,5,3,4,11/08/2023,NO
60,30986,4,6,0,1,9,11/08/2023,SI
60,30985,4,6,4,1,5,11/08/2023,NO
60,30984,3,1,5,7,8,11/08/2023,NO
60,30983,8,3,7,2,9,11/08/2023,SI
60,30982,7,2,4,6,7,10/08/2023,NO
60,30981,8,8,7,7,9,10/08/2023,NO
60,30980,6,1,0,0,6,10/08/2023,NO
60,30979,2,2,5,4,4,10/08/2023,NO
60,30978,9,9,5,4,4,10/08/2023,SI
60,30977,0,3,9,6,5,09/08/2023,SI
60,30976,3,6,3,1,0,09/08/2023,NO
60,30975,2,7,8,0,3,09/08/2023,NO
60,30974,4,8,4,8,7,09/08/2023,SI
60,30973,9,2,8,0,6,09/08/2023,NO
60,30972,2,6,5,6,6,08/08/2023,SI
60,30971,1,6,0,2,1,08/08/2023,SI
60,30970,2,2,9,5,7,08/08/2023,NO
60,30969,4,8,1,5,6,08/08/2023,SI
60,30968,7,4,3,4,8,08/08/2023,SI
60,30967,9,1,0,2,7,07/08/2023,NO
60,30966,2,7,0,8,4,07/08/2023,NO
60,30965,3,0,4,3,9,07/08/2023,NO
60,30964,6,4,7,1,0,07/08/2023,NO
60,30963,6,4,4,0,3,07/08/2023,NO
60,30962,0,0,0,8,6,06/08/2023,SI
60,30961,1,3,1,0,0,06/08/2023,SI
60,30960,8,6,6,7,1,06/08/2023,NO
60,30959,7,8,7,8,0,06/08/2023,SI
60,30958,3,2,9,4,5,06/08/2023,NO
60,30957,6,6,1,9,0,05/08/2023,SI
60,30956,0,8,3,8,9,05/08/2023,NO
60,30955,9,9,5,3,3,05/08/2023,SI
60,30954,5,6,6,6,6,05/08/2023,SI
60,30953,0,6,9,0,2,05/08/2023,NO
60,30952,6,3,6,0,3,04/08/2023,NO
60,30951,9,5,8,5,2,04/08/2023,NO
60,30950,1,4,6,9,0,04/08/2023,NO
60,30949,1,8,0,2,4,04/08/2023,NO
60,30948,5,8,1,7,0,04/08/2023,NO
60,30947,0,9,7,3,5,03/08/2023,NO
60,30946,6,3,9,1,9,03/08/2023,NO
60,30945,2,0,3,9,9,03/08/2023,SI
60,30944,2,6,7,6,7,03/08/2023,SI
60,30943,9,2,3,2,5,03/08/2023,SI
60,30942,1,3,7,9,2,02/08/2023,NO
60,30941,5,5,3,9,0,02/08/2023,NO
60,30940,9,4,8,5,7,02/08/2023,NO
60,30939,0,4,4,5,1,02/08/2023,NO
60,30938,8,4,8,2,5,02/08/2023,SI
60,30937,3,5,8,8,7,01/08/2023,NO
60,30936,3,8,5,6,6,01/08/2023,NO
60,30935,5,3,5,5,4,01/08/2023,NO
60,30934,5,9,7,2,3,01/08/2023,NO
60,30933,5,0,9,2,9,01/08/2023,NO
60,30932,5,9,6,2,9,31/07/2023,NO
60,30931,1,2,4,3,2,31/07/2023,SI
60,30930,4,3,4,3,2,31/07/2023,SI
60,30929,1,3,0,1,7,31/07/2023,NO
60,30928,6,7,6,5,2,31/07/2023,NO
60,30927,2,2,8,6,2,30/07/2023,NO
60,30926,5,3,5,6,9,30/07/2023,NO
60,30925,9,9,3,9,4,30/07/2023,NO
60,30924,5,8,6,2,4,30/07/2023,NO
60,30923,3,0,8,5,5,30/07/2023,SI
60,30922,9,2,2,5,4,29/07/2023,NO
60,30921,8,3,0,5,9,29/07/2023,SI
60,30920,6,7,8,1,3,29/07/2023,NO
60,30919,9,4,9,8,7,29/07/2023,NO
60,30918,2,1,3,9,0,29/07/2023,NO
60,30917,5,8,1,0,0,28/07/2023,SI
60,30916,2,2,7,9,7,28/07/2023,NO
60,30915,0,7,6,3,0,28/07/2023,NO
60,30914,7,8,5,2,9,28/07/2023,NO
60,30913,9,1,4,0,1,28/07/2023,SI
60,30912,9,5,0,0,6,27/07/2023,NO
60,30911,9,6,8,2,3,27/07/2023,NO
60,30910,2,7,7,0,9,27/07/2023,NO
60,30909,7,4,5,0,6,27/07/2023,NO
60,30908,4,4,3,9,8,27/07/2023,NO
60,30907,0,9,7,1,1,26/07/2023,SI
60,30906,9,3,2,1,0,26/07/2023,SI
60,30905,9,9,0,8,1,26/07/2023,SI
60,30904,8,2,1,6,9,26/07/2023,SI
60,30903,4,1,0,8,8,26/07/2023,NO
60,30902,8,4,9,5,4,25/07/2023,SI
60,30901,9,9,6,5,0,25/07/2023,SI
60,30900,1,6,8,6,3,25/07/2023,NO
60,30899,8,8,4,0,2,25/07/2023,NO
60,30898,7,6,1,2,8,25/07/2023,NO
60,30897,0,1,6,3,3,24/07/2023,SI
60,30896,0,0,0,9,5,24/07/2023,NO
60,30895,7,8,1,5,2,24/07/2023,NO
60,30894,3,1,6,0,6,24/07/2023,NO
60,30893,3,1,5,5,5,24/07/2023,SI
60,30892,8,3,4,2,2,23/07/2023,SI
60,30891,0,9,5,4,0,23/07/2023,NO
60,30890,4,5,3,1,3,23/07/2023,NO
60,30889,7,8,3,4,6,23/07/2023,NO
60,30888,3,7,9,8,6,23/07/2023,NO
60,30887,0,8,7,0,5,22/07/2023,NO
60,30886,6,4,7,8,3,22/07/2023,NO
60,30885,9,6,6,2,7,22/07/2023,NO
60,30884,7,6,8,7,6,22/07/2023,SI
60,30883,0,1,0,6,7,22/07/2023,NO
60,30882,1,1,5,9,6,21/07/2023,NO
60,30881,0,4,3,5,4,21/07/2023,NO
60,30880,7,3,3,2,4,21/07/2023,NO
60,30879,5,6,3,9,1,21/07/2023,NO
60,30878,1,8,1,5,9,21/07/2023,NO
60,30877,0,4,5,2,3,20/07/2023,SI
60,30876,8,2,6,3,2,20/07/2023,SI
60,30875,1,7,0,1,9,20/07/2023,SI
60,30874,2,6,2,0,3,20/07/2023,NO
60,30873,2,2,3,6,6,20/07/2023,SI
60,30872,0,5,3,4,9,19/07/2023,NO
60,30871,0,6,8,5,8,19/07/2023,NO
60,30870,9,4,6,3,5,19/07/2023,SI
60,30869,7,1,6,1,0,19/07/2023,NO
60,30868,2,9,5,5,3,19/07/2023,SI
60,30867,1,4,7,2,1,18/07/2023,NO
60,30866,2,7,7,5,3,18/07/2023,NO
60,30865,2,0,2,1,0,18/07/2023,SI
60,30864,5,0,5,4,9,18/07/2023,SI
60,30863,7,8,9,6,2,18/07/2023,SI
60,30862,7,6,3,5,0,17/07/2023,SI
60,30861,2,3,2,9,2,17/07/2023,SI
60,30860,9,1,8,3,8,17/07/2023,NO
60,30859,3,4,1,7,6,17/07/2023,NO
60,30858,9,1,7,7,2,17/07/2023,NO
60,30857,0,3,5,3,7,16/07/2023,NO
60,30856,9,6,6,2,5,16/07/2023,NO
60,30855,4,2,0,7,8,16/07/2023,NO
60,30854,3,0,5,1,3,16/07/2023,SI
60,30853,4,8,4,1,0,16/07/2023,NO
60,30852,7,5,7,6,2,15/07/2023,NO
60,30851,3,5,3,9,6,15/07/2023,SI
60,30850,3,1,5,0,6,15/07/2023,NO
60,30849,3,7,9,7,8,15/07/2023,NO
60,30848,6,3,7,4,1,15/07/2023,SI
60,30847,7,9,3,2,9,14/07/2023,NO
60,30846,8,3,3,5,2,14/07/2023,SI
60,30845,9,8,7,6,3,14/07/2023,SI
60,30844,3,2,2,5,5,14/07/2023,NO
60,30843,4,6,5,7,2,14/07/2023,NO
60,30842,8,7,3,6,8,13/07/2023,SI
60,30841,3,2,1,7,1,13/07/2023,NO
60,30840,8,3,4,9,7,13/07/2023,NO
60,30839,7,7,3,2,9,13/07/2023,NO
60,30838,8,0,4,9,0,13/07/2023,NO
60,30837,8,8,3,8,1,12/07/2023,NO
60,30836,3,2,5,5,0,12/07/2023,SI
60,30835,7,4,6,9,7,12/07/2023,SI
60,30834,9,5,5,9,3,12/07/2023,SI
60,30833,1,3,9,5,0,12/07/2023,NO
60,30832,8,3,1,7,6,11/07/2023,NO
60,30831,1,8,9,2,4,11/07/2023,NO
60,30830,2,3,0,5,1,11/07/2023,SI
60,30829,1,8,8,2,7,11/07/2023,NO
60,30828,2,8,4,4,7,11/07/2023,NO
60,30827,4,7,2,0,8,10/07/2023,NO
60,30826,9,0,3,7,4,10/07/2023,NO
60,30825,3,7,9,6,2,10/07/2023,NO
60,30824,6,9,1,4,9,10/07/2023,SI
60,30823,7,8,3,5,0,10/07/2023,SI
60,30822,0,9,7,9,1,09/07/2023,NO
60,30821,4,9,8,2,2,09/07/2023,NO
60,30820,5,6,7,2,1,09/07/2023,NO
60,30819,0,6,7,6,5,09/07/2023,NO
60,30818,8,8,0,9,1,09/07/2023,NO
60,30817,3,6,0,4,5,08/07/2023,SI
60,30816,0,9,9,8,4,08/07/2023,SI
60,30815,3,7,7,9,6,08/07/2023,NO
60,30814,9,8,9,2,1,08/07/2023,NO
60,30813,5,8,5,3,0,08/07/2023,NO
60,30812,8,9,5,4,7,07/07/2023,NO
60,30811,6,1,0,9,4,07/07/2023,NO
60,30810,5,7,8,9,8,07/07/2023,NO
60,30809,4,8,4,9,8,07/07/2023,NO
60,30808,5,1,7,3,4,07/07/2023,NO
60,30807,4,9,0,3,5,06/07/2023,SI
60,30806,0,2,0,8,9,06/07/2023,NO
60,30805,1,8,4,2,2,06/07/2023,NO
60,30804,9,9,6,4,2,06/07/2023,NO
60,30803,1,6,4,8,5,06/07/2023,SI
60,30802,8,6,4,6,5,05/07/2023,NO
60,30801,1,7,4,1,4,05/07/2023,NO
60,30800,9,7,8,5,8,05/07/2023,NO
60,30799,9,3,2,2,1,05/07/2023,NO
60,30798,1,3,6,6,9,05/07/2023,NO
60,30797,8,4,0,7,4,04/07/2023,SI
60,30796,3,3,7,3,1,04/07/2023,SI
60,30795,6,6,2,5,9,04/07/2023,SI
60,30794,4,8,8,3,7,04/07/2023,NO
60,30793,5,8,2,2,0,04/07/2023,NO
60,30792,7,9,5,2,6,03/07/2023,SI
60,30791,9,3,8,7,6,03/07/2023,NO
60,30790,3,9,8,1,8,03/07/2023,SI
60,30789,2,4,3,1,9,03/07/2023,NO
60,30788,3,9,5,0,7,03/07/2023,NO
60,30787,3,4,8,9,5,02/07/2023,SI
60,30786,8,5,9,5,8,02/07/2023,SI
60,30785,7,0,9,5,4,02/07/2023,NO
60,30784,0,1,9,3,9,02/07/2023,NO
60,30783,9,4,8,7,9,02/07/2023,NO
60,30782,4,2,3,5,7,01/07/2023,NO
60,30781,9,2,5,5,2,01/07/2023,NO
60,30780,4,5,9,3,9,01/07/2023,NO
60,30779,4,3,8,9,7,01/07/2023,SI
60,30778,0,3,9,7,3,01/07/2023,SI
60,30777,4,2,9,6,3,30/06/2023,NO
60,30776,0,1,8,9,3,30/06/2023,NO
60,30775,2,6,7,5,8,30/06/2023,NO
60,30774,7,3,9,4,5,30/06/2023,NO
60,30773,3,9,9,9,0,30/06/2023,SI
60,30772,8,9,4,8,8,29/06/2023,SI
60,30771,4,5,4,1,4,29/06/2023,NO
60,30770,3,7,2,3,7,29/06/2023,NO
60,30769,1,8,1,3,8,29/06/2023,NO
60,30768,4,2,7,3,8,29/06/2023,NO
60,30767,1,4,2,6,8,28/06/2023,SI
60,30766,9,6,7,9,5,28/06/2023,NO
60,30765,0,8,7,8,1,28/06/2023,NO
60,30764,4,2,5,8,9,28/06/2023,SI
60,30763,6,2,5,2,6,28/06/2023,SI
60,30762,1,6,5,0,3,27/06/2023,SI
60,30761,8,5,9,9,9,27/06/2023,NO
60,30760,5,8,1,3,1,27/06/2023,SI
60,30759,2,1,0,2,6,27/06/2023,NO
60,30758,1,5,7,0,4,27/06/2023,SI
60,30757,2,0,2,1,7,26/06/2023,SI
60,30756,0,9,3,0,2,26/06/2023,NO
60,30755,8,5,1,7,5,26/06/2023,SI
60,30754,7,5,0,8,2,26/06/2023,SI
60,30753,7,1,6,8,3,26/06/2023,NO
60,30752,2,9,8,4,9,25/06/2023,NO
60,30751,1,4,6,8,8,25/06/2023,NO
60,30750,8,0,2,5,0,25/06/2023,NO
60,30749,5,8,4,5,4,25/06/2023,SI
60,30748,0,4,9,3,7,25/06/2023,NO
60,30747,1,7,0,1,5,24/06/2023,NO
60,30746,2,6,2,2,9,24/06/2023,NO
60,30745,2,2,4,0,3,24/06/2023,NO
60,30744,3,1,1,6,8,24/06/2023,NO
60,30743,3,4,8,3,3,24/06/2023,SI
60,30742,1,5,8,3,9,23/06/2023,NO
60,30741,5,6,0,3,5,23/06/2023,NO
60,30740,2,8,3,3,1,23/06/2023,NO
60,30739,1,8,9,1,9,23/06/2023,SI
60,30738,1,6,9,2,7,23/06/2023,NO
60,30737,5,4,2,9,7,22/06/2023,NO
60,30736,9,2,0,9,3,22/06/2023,SI
60,30735,4,7,7,2,0,22/06/2023,SI
60,30734,2,3,9,7,9,22/06/2023,NO
60,30733,4,9,7,9,9,22/06/2023,SI
60,30732,5,1,7,6,8,21/06/2023,SI
60,30731,8,1,6,8,5,21/06/2023,SI
60,30730,9,5,6,5,8,21/06/2023,SI
60,30729,7,5,9,1,9,21/06/2023,NO
60,30728,7,6,2,1,4,21/06/2023,NO
60,30727,5,4,2,7,5,20/06/2023,NO
60,30726,6,3,3,5,1,20/06/2023,SI
60,30725,9,9,5,0,7,20/06/2023,NO
60,30724,8,9,1,4,2,20/06/2023,NO
60,30723,7,4,1,1,8,20/06/2023,NO
60,30722,1,1,5,8,5,19/06/2023,SI
60,30721,0,6,8,9,4,19/06/2023,NO
60,30720,5,4,9,7,6,19/06/2023,NO
60,30719,2,6,4,6,0,19/06/2023,NO
60,30718,9,0,0,4,7,19/06/2023,SI
60,30717,2,0,7,1,4,18/06/2023,NO
60,30716,0,8,9,9,0,18/06/2023,SI
60,30715,9,9,4,5,6,18/06/2023,NO
60,30714,8,0,7,1,3,18/06/2023,SI
60,30713,3,8,9,8,6,18/06/2023,NO
60,30712,9,1,6,5,4,17/06/2023,NO
60,30711,4,0,9,3,6,17/06/2023,SI
60,30710,9,4,4,9,8,17/06/2023,SI
60,30709,8,6,6,5,6,17/06/2023,SI
60,30708,0,6,4,3,3,17/06/2023,NO
60,30707,1,0,1,1,8,16/06/2023,SI
60,30706,0,9,3,6,9,16/06/2023,NO
60,30705,5,7,3,7,3,16/06/2023,NO
60,30704,3,2,0,4,0,16/06/2023,NO
60,30703,9,3,4,9,4,16/06/2023,NO
60,30702,1,4,1,6,9,15/06/2023,SI
60,30701,7,2,5,6,7,15/06/2023,SI
60,30700,2,0,1,3,0,15/06/2023,NO
60,30699,1,2,6,6,8,15/06/2023,SI
60,30698,4,2,5,8,7,15/06/2023,NO
60,30697,7,6,9,7,9,14/06/2023,NO
60,30696,7,1,1,2,1,14/06/2023,SI
60,30695,0,8,9,0,2,14/06/2023,SI
60,30694,2,8,2,7,7,14/06/2023,SI
60,30693,4,7,5,1,9,14/06/2023,NO
60,30692,7,4,7,1,5,13/06/2023,NO
60,30691,9,9,3,8,0,13/06/2023,NO
60,30690,3,0,4,8,5,13/06/2023,NO
60,30689,6,0,9,4,5,13/06/2023,SI
60,30688,1,7,2,4,2,13/06/2023,NO
60,30687,9,8,0,0,9,12/06/2023,NO
60,30686,1,6,4,9,1,12/06/2023,NO
60,30685,1,8,3,2,1,12/06/2023,NO
60,30684,6,0,2,0,5,12/06/2023,NO
60,30683,6,3,4,0,6,12/06/2023,NO
60,30682,6,2,3,1,3,11/06/2023,NO
60,30681,6,0,8,0,3,11/06/2023,NO
60,30680,6,5,0,2,3,11/06/2023,NO
60,30679,2,3,2,5,6,11/06/2023,NO
60,30678,5,7,0,4,8,11/06/2023,NO
60,30677,6,8,1,8,8,10/06/2023,SI
60,30676,8,5,7,8,9,10/06/2023,NO
60,30675,3,1,1,3,0,10/06/2023,NO
60,30674,3,0,6,5,0,10/06/2023,NO
60,30673,8,2,9,3,0,10/06/2023,NO
60,30672,3,0,1,3,3,09/06/2023,NO
60,30671,2,5,2,4,4,09/06/2023,NO
60,30670,1,7,6,0,6,09/06/2023,NO
60,30669,0,4,4,9,1,09/06/2023,NO
60,30668,5,8,8,1,0,09/06/2023,NO
60,30667,0,9,3,0,9,08/06/2023,NO
60,30666,5,9,8,5,7,08/06/2023,NO
60,30665,4,2,8,2,2,08/06/2023,SI
60,30664,0,4,7,5,4,08/06/2023,NO
60,30663,9,2,2,8,4,08/06/2023,SI
60,30662,1,5,1,8,6,07/06/2023,NO
60,30661,7,6,2,6,6,07/06/2023,NO
60,30660,8,4,3,4,7,07/06/2023,NO
60,30659,1,1,5,2,8,07/06/2023,SI
60,30658,0,4,3,3,0,07/06/2023,SI
60,30657,4,7,6,4,3,06/06/2023,NO
60,30656,4,7,4,6,2,06/06/2023,SI
60,30655,1,1,6,1,9,06/06/2023,NO
60,30654,2,0,1,8,1,06/06/2023,NO
60,30653,1,3,5,9,7,06/06/2023,NO
60,30652,9,3,7,0,1,05/06/2023,NO
60,30651,5,4,2,0,1,05/06/2023,NO
60,30650,5,0,3,8,4,05/06/2023,SI
60,30649,2,0,4,9,4,05/06/2023,NO
60,30648,6,8,2,2,3,05/06/2023,NO
60,30647,9,8,4,4,8,04/06/2023,NO
60,30646,0,5,3,3,1,04/06/2023,NO
60,30645,8,7,2,1,5,04/06/2023,NO
60,30644,0,8,9,6,6,04/06/2023,NO
60,30643,8,9,0,4,9,04/06/2023,NO
60,30642,0,1,3,3,5,03/06/2023,SI
60,30641,3,3,6,3,0,03/06/2023,SI
60,30640,8,3,0,4,7,03/06/2023,SI
60,30639,0,6,1,3,2,03/06/2023,SI
60,30638,6,1,4,4,0,03/06/2023,NO
60,30637,4,3,0,1,2,02/06/2023,NO
60,30636,3,8,3,9,4,02/06/2023,NO
60,30635,7,0,9,6,3,02/06/2023,NO
60,30634,9,2,6,1,6,02/06/2023,NO
60,30633,6,7,4,0,4,02/06/2023,NO
60,30632,8,1,2,0,4,01/06/2023,SI
60,30631,4,4,0,0,2,01/06/2023,NO
60,30630,6,6,2,4,0,01/06/2023,NO
60,30629,5,1,6,6,4,01/06/2023,SI
60,30628,4,3,6,6,7,01/06/2023,NO
60,30627,1,8,8,2,2,31/05/2023,NO
60,30626,9,7,8,5,2,31/05/2023,NO
60,30625,8,2,2,5,7,31/05/2023,NO
60,30624,9,8,2,1,2,31/05/2023,SI
60,30623,2,1,1,1,3,31/05/2023,NO
60,30622,9,7,7,1,5,30/05/2023,SI
60,30621,1,0,9,5,7,30/05/2023,NO
60,30620,3,8,4,2,5,30/05/2023,SI
60,30619,6,6,8,2,6,30/05/2023,SI
60,30618,4,6,4,6,9,30/05/2023,NO
60,30617,8,8,5,1,3,29/05/2023,NO
60,30616,4,9,0,8,8,29/05/2023,NO
60,30615,4,3,7,5,7,29/05/2023,SI
60,30614,8,7,5,6,0,29/05/2023,NO
60,30613,7,0,7,7,8,29/05/2023,NO
60,30612,1,3,7,4,5,28/05/2023,NO
60,30611,4,2,8,2,6,28/05/2023,SI
60,30610,4,3,2,0,1,28/05/2023,SI
60,30609,3,0,6,1,4,28/05/2023,NO
60,30608,7,8,7,0,5,28/05/2023,SI
60,30607,7,4,2,0,4,27/05/2023,SI
60,30606,9,8,2,5,1,27/05/2023,SI
60,30605,6,5,5,4,4,27/05/2023,NO
60,30604,8,6,9,1,4,27/05/2023,NO
60,30603,9,1,9,5,0,27/05/2023,NO
60,30602,0,2,1,0,0,26/05/2023,SI
60,30601,5,9,9,7,0,26/05/2023,NO
60,30600,1,8,5,3,2,26/05/2023,NO
60,30599,5,8,6,8,0,26/05/2023,NO
60,30598,2,0,3,6,8,26/05/2023,NO
60,30597,8,8,6,2,0,25/05/2023,NO
60,30596,8,2,8,1,8,25/05/2023,SI
60,30595,5,5,5,1,3,25/05/2023,NO
60,30594,6,5,1,3,9,25/05/2023,NO
60,30593,1,8,7,4,5,25/05/2023,SI
60,30592,4,6,2,2,6,24/05/2023,NO
60,30591,8,6,8,2,9,24/05/2023,NO
60,30590,1,4,7,9,4,24/05/2023,NO
60,30589,7,8,5,4,0,24/05/2023,NO
60,30588,7,5,3,8,4,24/05/2023,NO
60,30587,9,2,1,0,2,23/05/2023,NO
60,30586,4,0,0,4,6,23/05/2023,NO
60,30585,2,8,1,2,6,23/05/2023,NO
60,30584,6,1,7,8,5,23/05/2023,NO
60,30583,5,6,8,0,1,23/05/2023,NO
60,30582,4,2,3,0,0,22/05/2023,SI
60,30581,2,9,1,6,5,22/05/2023,NO
60,30580,3,8,8,8,2,22/05/2023,NO
60,30579,7,2,0,3,2,22/05/2023,NO
60,30578,1,8,3,2,5,22/05/2023,SI
60,30577,9,5,0,0,7,21/05/2023,NO
60,30576,3,3,6,4,3,21/05/2023,NO
60,30575,7,4,7,2,4,21/05/2023,SI
60,30574,8,0,4,5,9,21/05/2023,NO
60,30573,0,1,9,5,1,21/05/2023,NO
60,30572,7,0,9,7,7,20/05/2023,SI
60,30571,8,5,0,1,9,20/05/2023,NO
60,30570,3,4,9,8,4,20/05/2023,NO
60,30569,5,7,0,1,3,20/05/2023,NO
60,30568,1,3,3,3,4,20/05/2023,NO
60,30567,9,7,1,4,3,19/05/2023,NO
60,30566,3,9,0,1,8,19/05/2023,NO
60,30565,3,6,9,9,7,19/05/2023,NO
60,30564,5,9,5,7,7,19/05/2023,NO
60,30563,1,0,4,2,3,19/05/2023,NO
60,30562,5,7,4,5,2,18/05/2023,SI
60,30561,3,2,5,4,6,18/05/2023,SI
60,30560,6,5,0,1,1,18/05/2023,SI
60,30559,6,0,8,3,4,18/05/2023,NO
60,30558,8,0,5,3,7,18/05/2023,NO
60,30557,1,9,3,2,4,17/05/2023,NO
60,30556,0,6,6,5,9,17/05/2023,SI
60,30555,0,4,6,4,1,17/05/2023,SI
60,30554,6,8,4,1,4,17/05/2023,NO
60,30553,8,0,0,6,0,17/05/2023,NO
60,30552,8,1,3,7,7,16/05/2023,NO
60,30551,5,8,0,2,2,16/05/2023,NO
60,30550,3,8,1,1,3,16/05/2023,SI
60,30549,0,8,8,3,6,16/05/2023,SI
60,30548,4,3,7,0,1,16/05/2023,SI
60,30547,7,4,8,1,4,15/05/2023,SI
60,30546,3,1,0,8,8,15/05/2023,NO
60,30545,5,5,3,7,1,15/05/2023,SI
60,30544,9,7,4,3,8,15/05/2023,SI
60,30543,7,9,1,5,7,15/05/2023,SI
60,30542,3,2,1,6,7,14/05/2023,SI
60,30541,3,8,3,3,8,14/05/2023,NO
60,30540,6,9,9,3,7,14/05/2023,NO
60,30539,8,8,9,0,0,14/05/2023,NO
60,30538,8,4,1,0,2,14/05/2023,NO
60,30537,6,8,0,1,8,13/05/2023,NO
60,30536,9,9,7,5,2,13/05/2023,SI
60,30535,1,8,2,9,8,13/05/2023,SI
60,30534,9,7,4,9,4,13/05/2023,NO
60,30533,4,8,4,4,0,13/05/2023,NO
60,30532,9,1,9,8,1,12/05/2023,NO
60,30531,3,7,8,3,8,12/05/2023,NO
60,30530,5,5,3,5,7,12/05/2023,SI
60,30529,2,3,5,8,0,12/05/2023,NO
60,30528,1,8,8,6,0,12/05/2023,NO
60,30527,6,8,7,6,8,11/05/2023,NO
60,30526,9,8,0,9,5,11/05/2023,SI
60,30525,4,9,1,6,5,11/05/2023,NO
60,30524,0,1,0,3,0,11/05/2023,NO
60,30523,1,8,9,7,4,11/05/2023,NO
60,30522,0,1,3,6,0,10/05/2023,NO
60,30521,5,8,6,6,6,10/05/2023,NO
60,30520,6,2,9,2,9,10/05/2023,NO
60,30519,7,8,6,4,6,10/05/2023,NO
60,30518,5,0,2,9,3,10/05/2023,SI
60,30517,8,5,5,0,8,09/05/2023,SI
60,30516,8,7,8,3,7,09/05/2023,SI
60,30515,2,1,2,6,5,09/05/2023,SI
60,30514,5,7,4,5,7,09/05/2023,NO
60,30513,9,5,0,1,1,09/05/2023,NO
60,30512,4,1,7,6,9,08/05/2023,SI
60,30511,0,0,6,9,4,08/05/2023,SI
60,30510,8,2,7,9,8,08/05/2023,SI
60,30509,2,9,7,2,7,08/05/2023,SI
60,30508,5,3,8,9,3,08/05/2023,SI
60,30507,4,5,2,2,2,07/05/2023,SI
60,30506,6,8,5,9,0,07/05/2023,NO
60,30505,4,7,5,9,6,07/05/2023,NO
60,30504,8,6,5,9,8,07/05/2023,SI
60,30503,8,7,2,1,7,07/05/2023,NO
60,30502,5,4,1,5,1,06/05/2023,SI
60,30501,3,7,0,7,7,06/05/2023,NO
60,30500,4,7,7,2,7,06/05/2023,NO
60,30499,4,1,3,7,1,06/05/2023,NO
60,30498,3,0,8,7,0,06/05/2023,NO
60,30497,3,7,7,4,3,05/05/2023,NO
60,30496,4,0,1,6,7,05/05/2023,NO
60,30495,2,3,7,9,8,05/05/2023,NO
60,30494,8,1,6,7,9,05/05/2023,NO
60,30493,8,6,9,7,3,05/05/2023,SI
60,30492,8,6,0,5,7,04/05/2023,SI
60,30491,4,2,0,8,5,04/05/2023,SI
60,30490,5,8,2,8,3,04/05/2023,SI
60,30489,7,5,2,2,5,04/05/2023,SI
60,30488,3,7,5,4,6,04/05/2023,NO
60,30487,2,9,9,7,3,03/05/2023,NO
60,30486,3,3,7,1,9,03/05/2023,SI
60,30485,9,7,2,5,3,03/05/2023,SI
60,30484,0,0,3,7,8,03/05/2023,NO
60,30483,6,7,4,8,8,03/05/2023,NO
60,30482,7,2,2,4,0,02/05/2023,NO
60,30481,0,0,0,4,7,02/05/2023,NO
60,30480,7,5,3,4,9,02/05/2023,SI
60,30479,1,0,8,3,4,02/05/2023,NO
60,30478,3,7,2,9,7,02/05/2023,SI
60,30477,6,1,2,7,2,01/05/2023,SI
60,30476,7,2,1,0,0,01/05/2023,NO
60,30475,4,8,7,1,4,01/05/2023,NO
60,30474,1,4,3,5,9,01/05/2023,NO
60,30473,3,1,5,6,4,01/05/2023,SI
60,30472,2,0,9,4,2,30/04/2023,NO
60,30471,8,1,0,7,6,30/04/2023,NO
60,30470,9,8,6,9,2,30/04/2023,NO
60,30469,4,6,5,1,2,30/04/2023,NO
60,30468,9,9,1,0,5,30/04/2023,NO
60,30467,7,9,7,9,4,29/04/2023,NO
60,30466,7,5,7,5,0,29/04/2023,NO
60,30465,3,2,8,4,6,29/04/2023,NO
60,30464,0,2,3,2,7,29/04/2023,SI
60,30463,4,1,5,8,9,29/04/2023,NO
60,30462,5,5,8,3,2,28/04/2023,SI
60,30461,4,4,7,0,0,28/04/2023,NO
60,30460,1,3,3,8,8,28/04/2023,SI
60,30459,0,2,6,2,4,28/04/2023,NO
60,30458,2,0,2,4,0,28/04/2023,NO
60,30457,2,2,3,2,6,27/04/2023,SI
60,30456,4,9,1,1,2,27/04/2023,NO
60,30455,6,0,6,4,7,27/04/2023,SI
60,30454,2,8,3,7,7,27/04/2023,NO
60,30453,4,7,3,9,4,27/04/2023,SI
60,30452,2,7,3,0,0,26/04/2023,SI
60,30451,3,6,0,8,6,26/04/2023,NO
60,30450,8,0,6,7,3,26/04/2023,NO
60,30449,2,2,5,2,8,26/04/2023,NO
60,30448,0,2,0,1,1,26/04/2023,NO
60,30447,4,4,8,8,3,25/04/2023,NO
60,30446,4,0,9,3,2,25/04/2023,NO
60,30445,3,9,1,5,2,25/04/2023,SI
60,30444,8,9,1,4,5,25/04/2023,SI
60,30443,0,8,2,6,2,25/04/2023,NO
60,30442,1,2,4,8,3,24/04/2023,NO
60,30441,3,1,8,3,5,24/04/2023,NO
60,30440,4,6,1,8,3,24/04/2023,SI
60,30439,4,2,5,3,4,24/04/2023,NO
60,30438,2,6,0,6,0,24/04/2023,SI
60,30437,8,0,9,2,2,23/04/2023,NO
60,30436,9,3,1,2,4,23/04/2023,NO
60,30435,6,7,3,6,7,23/04/2023,SI
60,30434,0,9,9,6,0,23/04/2023,SI
60,30433,7,4,2,0,6,23/04/2023,NO
60,30432,2,6,3,6,6,22/04/2023,SI
60,30431,6,5,8,3,4,22/04/2023,NO
60,30430,9,7,5,8,5,22/04/2023,SI
60,30429,7,1,0,1,3,22/04/2023,SI
60,30428,3,5,2,8,8,22/04/2023,SI
60,30427,5,3,2,4,6,21/04/2023,NO
60,30426,1,9,5,9,3,21/04/2023,SI
60,30425,5,8,8,1,1,21/04/2023,NO
60,30424,5,1,7,6,4,21/04/2023,NO
60,30423,7,8,0,3,9,21/04/2023,SI
60,30422,4,9,9,0,3,20/04/2023,NO
60,30421,9,9,2,0,2,20/04/2023,NO
60,30420,3,4,0,2,5,20/04/2023,NO
60,30419,0,7,6,3,0,20/04/2023,NO
60,30418,5,9,5,6,9,20/04/2023,SI
60,30417,4,6,4,0,5,19/04/2023,NO
60,30416,1,6,3,0,0,19/04/2023,NO
60,30415,5,3,7,1,0,19/04/2023,SI
60,30414,5,6,5,0,3,19/04/2023,SI
60,30413,0,2,4,1,2,19/04/2023,SI
60,30412,7,1,7,6,0,18/04/2023,NO
60,30411,7,9,7,0,4,18/04/2023,SI
60,30410,4,2,7,7,5,18/04/2023,SI
60,30409,0,5,6,7,9,18/04/2023,NO
60,30408,3,7,0,1,0,18/04/2023,NO
60,30407,8,9,7,2,5,17/04/2023,SI
60,30406,3,5,1,5,6,17/04/2023,NO
60,30405,8,9,4,5,8,17/04/2023,NO
60,30404,5,3,3,7,4,17/04/2023,NO
60,30403,2,9,6,6,5,17/04/2023,SI
60,30402,7,5,4,6,2,16/04/2023,NO
60,30401,1,0,2,8,1,16/04/2023,NO
60,30400,6,5,6,1,4,16/04/2023,SI
60,30399,6,2,6,3,4,16/04/2023,NO
60,30398,7,0,3,5,2,16/04/2023,NO
60,30397,2,0,2,4,2,15/04/2023,NO
60,30396,9,0,5,2,8,15/04/2023,SI
60,30395,6,7,1,0,1,15/04/2023,NO
60,30394,7,9,3,7,8,15/04/2023,NO
60,30393,1,2,4,7,3,15/04/2023,SI
60,30392,7,0,4,6,0,14/04/2023,NO
60,30391,2,9,8,8,0,14/04/2023,NO
60,30390,5,3,8,5,7,14/04/2023,NO
60,30389,8,5,6,4,1,14/04/2023,NO
60,30388,5,5,5,4,9,14/04/2023,NO
60,30387,2,2,5,9,7,13/04/2023,NO
60,30386,5,8,4,3,8,13/04/2023,NO
60,30385,8,8,1,0,6,13/04/2023,NO
60,30384,0,5,8,2,2,13/04/2023,SI
60,30383,7,1,0,8,4,13/04/2023,SI
60,30382,9,9,1,0,6,12/04/2023,NO
60,30381,5,5,5,5,8,12/04/2023,SI
60,30380,5,0,6,6,3,12/04/2023,NO
60,30379,1,7,2,4,8,12/04/2023,NO
60,30378,1,0,3,9,8,12/04/2023,SI
60,30377,8,3,8,6,6,11/04/2023,NO
60,30376,4,3,4,5,7,11/04/2023,NO
60,30375,5,1,7,1,1,11/04/2023,NO
60,30374,8,8,4,5,8,11/04/2023,NO
60,30373,8,7,2,2,4,11/04/2023,NO
60,30372,4,5,2,3,9,10/04/2023,NO
60,30371,5,5,8,2,2,10/04/2023,NO
60,30370,1,1,6,5,9,10/04/2023,NO
60,30369,8,8,9,1,8,10/04/2023,NO
60,30368,3,9,5,2,7,10/04/2023,NO
60,30367,9,6,2,5,8,09/04/2023,SI
60,30366,6,9,5,5,6,09/04/2023,SI
60,30365,8,4,9,9,5,09/04/2023,NO
60,30364,6,4,1,2,9,09/04/2023,NO
60,30363,7,8,6,6,8,09/04/2023,SI
60,30362,3,7,5,3,1,08/04/2023,NO
60,30361,9,3,0,4,5,08/04/2023,NO
60,30360,6,4,3,3,1,08/04/2023,SI
60,30359,8,1,0,8,1,08/04/2023,NO
60,30358,0,1,4,5,6,08/04/2023,SI
60,30357,2,3,0,3,9,07/04/2023,SI
60,30356,8,4,5,3,2,07/04/2023,NO
60,30355,4,3,7,0,6,07/04/2023,NO
60,30354,7,0,6,6,2,07/04/2023,NO
60,30353,0,6,2,0,6,07/04/2023,SI
60,30352,4,0,2,9,0,06/04/2023,SI
60,30351,2,8,2,7,2,06/04/2023,NO
60,30350,6,6,3,0,5,06/04/2023,NO
60,30349,8,0,2,3,2,06/04/2023,NO
60,30348,9,4,3,3,2,06/04/2023,SI
60,30347,9,7,3,6,6,05/04/2023,NO
60,30346,2,5,2,1,4,05/04/2023,NO
60,30345,8,4,2,8,8,05/04/2023,NO
60,30344,4,2,4,9,4,05/04/2023,NO
60,30343,1,1,0,3,6,05/04/2023,NO
60,30342,4,0,8,8,1,04/04/2023,NO
60,30341,8,7,5,2,8,04/04/2023,SI
60,30340,2,6,0,6,0,04/04/2023,NO
60,30339,9,4,4,2,9,04/04/2023,NO
60,30338,4,2,1,1,6,04/04/2023,SI
60,30337,6,2,6,7,0,03/04/2023,NO
60,30336,2,7,6,2,1,03/04/2023,NO
60,30335,3,2,8,1,3,03/04/2023,NO
60,30334,6,8,0,1,4,03/04/2023,NO
60,30333,9,3,2,8,2,03/04/2023,NO
60,30332,3,0,7,7,9,02/04/2023,NO
60,30331,6,8,3,6,7,02/04/2023,NO
60,30330,8,5,1,0,6,02/04/2023,NO
60,30329,0,6,2,7,5,02/04/2023,NO
60,30328,2,1,8,8,9,02/04/2023,NO
60,30327,0,1,4,1,9,01/04/2023,NO
60,30326,8,8,7,9,3,01/04/2023,SI
60,30325,6,9,4,9,1,01/04/2023,NO
60,30324,5,0,0,1,1,01/04/2023,NO
60,30323,3,8,6,4,8,01/04/2023,NO
60,30322,9,7,9,1,8,31/03/2023,SI
60,30321,1,4,3,5,1,31/03/2023,NO
60,30320,8,5,6,9,3,31/03/2023,NO
60,30319,5,2,5,1,9,31/03/2023,NO
60,30318,3,9,3,7,2,31/03/2023,NO
60,30317,2,3,8,2,8,30/03/2023,NO
60,30316,7,5,9,6,1,30/03/2023,SI
60,30315,7,1,3,5,4,30/03/2023,NO
60,30314,3,5,8,9,6,30/03/2023,SI
60,30313,0,0,7,4,6,30/03/2023,NO
60,30312,5,5,7,3,9,29/03/2023,SI
60,30311,2,3,3,3,4,29/03/2023,NO
60,30310,9,2,4,1,3,29/03/2023,NO
60,30309,3,7,7,2,3,29/03/2023,SI
60,30308,4,3,3,5,4,29/03/2023,NO
60,30307,5,0,9,1,0,28/03/2023,NO
60,30306,4,4,5,5,4,28/03/2023,SI
60,30305,3,9,3,7,5,28/03/2023,NO
60,30304,3,8,9,6,0,28/03/2023,SI
60,30303,2,1,6,3,3,28/03/2023,NO
60,30302,3,4,4,3,2,27/03/2023,SI
60,30301,0,4,4,2,9,27/03/2023,NO
60,30300,8,9,9,4,2,27/03/2023,NO
60,30299,8,8,7,6,1,27/03/2023,NO
60,30298,3,5,1,9,2,27/03/2023,SI
60,30297,0,7,4,3,3,26/03/2023,NO
60,30296,7,7,0,6,1,26/03/2023,SI
60,30295,9,4,3,5,3,26/03/2023,NO
60,30294,6,8,5,6,0,26/03/2023,SI
60,30293,0,5,0,7,3,26/03/2023,NO
60,30292,3,7,7,6,5,25/03/2023,SI
60,30291,0,0,3,9,6,25/03/2023,SI
60,30290,6,9,4,3,4,25/03/2023,SI
60,30289,8,0,0,3,8,25/03/2023,NO
60,30288,1,5,6,2,7,25/03/2023,NO
60,30287,3,3,2,1,9,24/03/2023,NO
60,30286,4,3,5,3,0,24/03/2023,NO
60,30285,7,8,5,7,3,24/03/2023,NO
60,30284,5,2,8,9,8,24/03/2023,NO
60,30283,9,6,9,5,3,24/03/2023,NO
60,30282,1,3,4,2,6,23/03/2023,SI
60,30281,5,4,7,2,5,23/03/2023,NO
60,30280,7,8,6,5,9,23/03/2023,NO
60,30279,4,4,3,5,8,23/03/2023,NO
60,30278,7,6,3,6,5,23/03/2023,NO
60,30277,7,6,2,5,1,22/03/2023,SI
60,30276,8,3,5,1,2,22/03/2023,SI
60,30275,9,9,7,6,0,22/03/2023,SI
60,30274,3,9,8,6,2,22/03/2023,NO
60,30273,7,0,3,6,0,22/03/2023,SI
60,30272,4,6,9,3,1,21/03/2023,SI
60,30271,6,1,9,6,5,21/03/2023,NO
60,30270,3,4,9,0,8,21/03/2023,NO
60,30269,3,7,5,1,2,21/03/2023,SI
60,30268,5,6,9,5,0,21/03/2023,SI
60,30267,9,5,8,9,4,20/03/2023,SI
60,30266,0,0,7,3,5,20/03/2023,SI
60,30265,9,2,2,6,8,20/03/2023,NO
60,30264,2,0,7,5,1,20/03/2023,NO
60,30263,0,6,6,8,0,20/03/2023,SI
60,30262,6,9,0,9,1,19/03/2023,NO
60,30261,9,5,4,3,8,19/03/2023,NO
60,30260,4,0,4,4,4,19/03/2023,NO
60,30259,7,4,5,7,8,19/03/2023,NO
60,30258,9,1,2,9,2,19/03/2023,NO
60,30257,2,3,7,0,2,18/03/2023,NO
60,30256,2,5,7,0,6,18/03/2023,NO
60,30255,2,5,7,9,4,18/03/2023,NO
60,30254,5,4,2,3,0,18/03/2023,NO
60,30253,1,1,0,5,1,18/03/2023,SI
60,30252,6,6,7,0,1,17/03/2023,SI
60,30251,4,2,7,5,2,17/03/2023,NO
60,30250,9,6,0,6,8,17/03/2023,SI
60,30249,7,4,1,7,7,17/03/2023,NO
60,30248,1,1,1,9,9,17/03/2023,SI
60,30247,1,2,0,4,7,16/03/2023,SI
60,30246,7,5,0,4,3,16/03/2023,SI
60,30245,5,9,4,0,0,16/03/2023,NO
60,30244,2,5,1,4,6,16/03/2023,NO
60,30243,1,6,0,6,5,16/03/2023,NO
60,30242,7,8,2,4,0,15/03/2023,NO
60,30241,5,3,0,2,5,15/03/2023,NO
60,30240,1,4,3,7,0,15/03/2023,NO
60,30239,3,9,2,8,1,15/03/2023,NO
60,30238,6,7,9,6,4,15/03/2023,NO
60,30237,1,3,5,2,5,14/03/2023,SI
60,30236,1,5,9,3,7,14/03/2023,SI
60,30235,7,7,0,3,3,14/03/2023,NO
60,30234,2,3,5,8,0,14/03/2023,NO
60,30233,5,7,1,8,6,14/03/2023,NO
60,30232,9,6,6,9,3,13/03/2023,NO
60,30231,3,3,2,5,1,13/03/2023,NO
60,30230,7,5,0,0,0,13/03/2023,SI
60,30229,6,9,6,3,6,13/03/2023,NO
60,30228,1,2,5,6,2,13/03/2023,NO
60,30227,2,4,7,6,7,12/03/2023,SI
60,30226,2,5,2,9,7,12/03/2023,SI
60,30225,1,6,9,2,2,12/03/2023,NO
60,30224,8,5,7,2,6,12/03/2023,SI
60,30223,5,3,6,1,3,12/03/2023,NO
60,30222,5,4,6,5,1,11/03/2023,SI
60,30221,9,5,4,1,3,11/03/2023,SI
60,30220,0,3,5,1,3,11/03/2023,NO
60,30219,6,3,4,1,6,11/03/2023,SI
60,30218,8,1,9,2,7,11/03/2023,NO
60,30217,3,2,6,5,0,10/03/2023,NO
60,30216,3,2,4,8,9,10/03/2023,SI
60,30215,7,8,3,6,7,10/03/2023,NO
60,30214,3,4,1,8,9,10/03/2023,NO
60,30213,1,5,6,4,8,10/03/2023,SI
60,30212,7,2,6,1,4,09/03/2023,NO
60,30211,5,9,7,1,6,09/03/2023,NO
60,30210,8,9,7,6,4,09/03/2023,NO
60,30209,0,9,5,6,9,09/03/2023,NO
60,30208,1,4,0,9,6,09/03/2023,SI
60,30207,0,4,7,3,0,08/03/2023,NO
60,30206,1,9,8,7,2,08/03/2023,SI
60,30205,3,9,9,5,0,08/03/2023,SI
60,30204,9,3,3,0,9,08/03/2023,NO
60,30203,7,7,8,8,1,08/03/2023,NO
60,30202,1,2,2,6,2,07/03/2023,SI
60,30201,5,8,7,9,7,07/03/2023,NO
60,30200,2,7,5,9,9,07/03/2023,NO
60,30199,1,2,4,2,8,07/03/2023,SI
60,30198,0,8,6,8,1,07/03/2023,SI
60,30197,9,8,0,2,5,06/03/2023,NO
60,30196,1,1,9,9,7,06/03/2023,NO
60,30195,4,4,5,9,8,06/03/2023,NO
60,30194,1,4,1,9,1,06/03/2023,NO
60,30193,4,2,9,3,4,06/03/2023,SI
60,30192,5,8,5,5,2,05/03/2023,NO
60,30191,2,3,9,6,3,05/03/2023,NO
60,30190,6,3,5,4,4,05/03/2023,NO
60,30189,7,5,0,1,8,05/03/2023,NO
60,30188,0,6,0,3,3,05/03/2023,SI
60,30187,1,1,8,2,3,04/03/2023,SI
60,30186,2,7,7,2,0,04/03/2023,NO
60,30185,9,0,6,4,3,04/03/2023,NO
60,30184,8,3,9,7,4,04/03/2023,SI
60,30183,5,5,7,0,8,04/03/2023,NO
60,30182,4,8,0,8,3,03/03/2023,SI
60,30181,0,8,9,4,4,03/03/2023,SI
60,30180,8,6,7,0,0,03/03/2023,NO
60,30179,8,8,9,7,1,03/03/2023,NO
60,30178,6,7,0,1,2,03/03/2023,SI
60,30177,2,2,1,1,0,02/03/2023,NO
60,30176,9,1,5,8,6,02/03/2023,NO
60,30175,7,6,7,1,3,02/03/2023,NO
60,30174,2,4,7,1,7,02/03/2023,NO
60,30173,0,3,7,1,2,02/03/2023,NO
60,30172,5,6,6,4,2,01/03/2023,NO
60,30171,3,7,8,9,4,01/03/2023,NO
60,30170,8,8,2,3,7,01/03/2023,NO
60,30169,0,7,6,8,7,01/03/2023,NO
60,30168,8,5,9,3,4,01/03/2023,NO
60,30167,9,2,8,9,5,28/02/2023,SI
60,30166,5,4,1,5,3,28/02/2023,SI
60,30165,9,3,4,0,4,28/02/2023,NO
60,30164,1,0,9,7,2,28/02/2023,NO
60,30163,4,0,2,8,1,28/02/2023,SI
60,30162,4,1,5,6,3,27/02/2023,SI
60,30161,0,1,2,8,6,27/02/2023,NO
60,30160,3,1,8,4,1,27/02/2023,NO
60,30159,2,3,5,3,2,27/02/2023,SI
60,30158,7,6,7,2,1,27/02/2023,NO
60,30157,7,8,2,4,0,26/02/2023,SI
60,30156,6,6,7,3,7,26/02/2023,NO
60,30155,1,8,3,5,6,26/02/2023,SI
60,30154,5,6,1,5,5,26/02/2023,NO
60,30153,7,0,3,0,4,26/02/2023,NO
60,30152,6,0,3,3,0,25/02/2023,NO
60,30151,8,5,9,4,2,25/02/2023,NO
60,30150,8,2,4,7,9,25/02/2023,SI
60,30149,4,5,2,5,4,25/02/2023,NO
60,30148,5,8,5,3,9,25/02/2023,NO
60,30147,1,7,2,0,7,24/02/2023,SI
60,30146,1,9,0,6,4,24/02/2023,NO
60,30145,9,4,4,5,9,24/02/2023,SI
60,30144,9,0,2,4,4,24/02/2023,SI
60,30143,8,6,9,1,3,24/02/2023,NO
60,30142,9,9,3,1,3,23/02/2023,SI
60,30141,1,3,6,7,4,23/02/2023,NO
60,30140,5,3,8,6,8,23/02/2023,SI
60,30139,7,9,5,2,0,23/02/2023,NO
60,30138,5,2,8,4,8,23/02/2023,NO
60,30137,0,7,3,9,8,22/02/2023,NO
60,30136,9,8,6,1,3,22/02/2023,SI
60,30135,3,4,8,5,6,22/02/2023,SI
60,30134,6,3,8,1,1,22/02/2023,SI
60,30133,3,4,9,2,1,22/02/2023,NO
60,30132,7,4,2,4,5,21/02/2023,SI
60,30131,5,1,8,3,2,21/02/2023,NO
60,30130,7,5,6,6,0,21/02/2023,SI
60,30129,5,9,0,7,5,21/02/2023,NO
60,30128,2,5,3,9,8,21/02/2023,NO
60,30127,3,8,6,1,8,20/02/2023,NO
60,30126,0,5,9,5,2,20/02/2023,SI
60,30125,3,1,9,3,3,20/02/2023,NO
60,30124,6,6,2,4,6,20/02/2023,NO
60,30123,6,2,6,5,7,20/02/2023,NO
60,30122,9,4,2,3,2,19/02/2023,NO
60,30121,6,4,4,3,1,19/02/2023,NO
60,30120,5,9,4,1,7,19/02/2023,NO
60,30119,9,9,0,0,9,19/02/2023,NO
60,30118,0,0,7,3,0,19/02/2023,NO
60,30117,2,7,6,9,2,18/02/2023,SI
60,30116,2,6,6,0,4,18/02/2023,NO
60,30115,2,2,5,8,0,18/02/2023,NO
60,30114,0,6,8,2,5,18/02/2023,NO
60,30113,1,8,9,6,3,18/02/2023,SI
60,30112,4,9,3,2,1,17/02/2023,NO
60,30111,5,7,3,2,0,17/02/2023,SI
60,30110,4,5,0,3,9,17/02/2023,SI
60,30109,8,7,0,2,8,17/02/2023,NO
60,30108,4,0,7,5,5,17/02/2023,NO
60,30107,6,7,7,7,7,16/02/2023,NO
60,30106,7,8,4,0,9,16/02/2023,NO
60,30105,5,2,3,4,8,16/02/2023,NO
60,30104,9,4,5,0,4,16/02/2023,SI
60,30103,3,2,8,0,2,16/02/2023,NO
60,30102,9,9,7,1,1,15/02/2023,NO
60,30101,3,6,1,0,1,15/02/2023,NO
60,30100,5,7,2,0,3,15/02/2023,NO
60,30099,8,7,2,5,7,15/02/2023,NO
60,30098,5,1,9,9,8,15/02/2023,SI
60,30097,9,5,3,4,5,14/02/2023,NO
60,30096,3,2,0,5,6,14/02/2023,NO
60,30095,5,8,8,8,0,14/02/2023,NO
60,30094,8,9,4,2,3,14/02/2023,NO
60,30093,9,2,6,5,0,14/02/2023,SI
60,30092,2,5,1,5,3,13/02/2023,NO
60,30091,3,0,3,0,3,13/02/2023,NO
60,30090,0,1,9,6,1,13/02/2023,NO
60,30089,4,6,3,1,1,13/02/2023,SI
60,30088,4,2,8,9,1,13/02/2023,SI
60,30087,9,4,7,0,9,12/02/2023,NO
60,30086,3,4,3,5,9,12/02/2023,NO
60,30085,7,2,5,6,7,12/02/2023,NO
60,30084,2,1,1,5,8,12/02/2023,NO
60,30083,4,4,6,7,8,12/02/2023,SI
60,30082,9,8,7,7,4,11/02/2023,NO
60,30081,2,2,6,4,2,11/02/2023,SI
60,30080,6,9,8,4,5,11/02/2023,NO
60,30079,3,3,9,5,0,11/02/2023,NO
60,30078,7,9,8,5,0,11/02/2023,NO
60,30077,6,5,1,1,5,10/02/2023,SI
60,30076,3,8,8,5,8,10/02/2023,NO
60,30075,7,0,2,8,6,10/02/2023,SI
60,30074,7,9,8,8,6,10/02/2023,NO
60,30073,6,6,4,7,7,10/02/2023,NO
60,30072,2,7,4,4,9,09/02/2023,NO
60,30071,1,7,2,4,1,09/02/2023,NO
60,30070,3,5,7,2,8,09/02/2023,SI
60,30069,3,1,7,5,1,09/02/2023,NO
60,30068,3,1,2,8,4,09/02/2023,NO
60,30067,4,8,8,5,9,08/02/2023,SI
60,30066,3,9,8,8,2,08/02/2023,NO
60,30065,3,4,2,8,6,08/02/2023,NO
60,30064,9,1,7,8,4,08/02/2023,NO
60,30063,2,0,2,3,7,08/02/2023,NO
60,30062,8,2,6,1,1,07/02/2023,SI
60,30061,2,9,9,7,0,07/02/2023,SI
60,30060,1,3,2,2,8,07/02/2023,SI
60,30059,5,1,5,4,5,07/02/2023,NO
60,30058,1,8,8,7,6,07/02/2023,NO
60,30057,7,4,0,1,2,06/02/2023,NO
60,30056,6,6,1,1,6,06/02/2023,SI
60,30055,5,8,1,1,8,06/02/2023,NO
60,30054,5,1,7,9,7,06/02/2023,SI
60,30053,7,4,6,8,9,06/02/2023,NO
60,30052,0,0,2,0,0,05/02/2023,NO
60,30051,2,3,6,0,8,05/02/2023,SI
60,30050,6,2,5,8,2,05/02/2023,NO
60,30049,1,2,3,9,2,05/02/2023,NO
60,30048,0,6,5,4,2,05/02/2023,NO
60,30047,7,4,6,7,0,04/02/2023,SI
60,30046,5,6,2,1,5,04/02/2023,NO
60,30045,7,6,7,2,0,04/02/2023,NO
60,30044,6,0,8,0,2,04/02/2023,NO
60,30043,0,3,5,3,8,04/02/2023,NO
60,30042,6,8,3,9,3,03/02/2023,NO
60,30041,0,4,2,6,9,03/02/2023,SI
60,30040,1,8,0,2,9,03/02/2023,NO
60,30039,1,7,1,6,2,03/02/2023,SI
60,30038,5,2,1,6,6,03/02/2023,NO
60,30037,4,3,3,0,0,02/02/2023,SI
60,30036,0,9,7,5,6,02/02/2023,SI
60,30035,4,5,4,3,0,02/02/2023,SI
60,30034,4,6,9,9,5,02/02/2023,NO
60,30033,3,7,2,7,9,02/02/2023,NO
60,30032,4,2,2,6,4,01/02/2023,SI
60,30031,7,4,4,8,7,01/02/2023,NO
60,30030,8,1,5,5,3,01/02/2023,NO
60,30029,7,0,1,6,9,01/02/2023,NO
60,30028,9,7,3,1,3,01/02/2023,NO
60,30027,9,8,2,6,8,31/01/2023,NO
60,30026,1,2,6,4,0,31/01/2023,SI
60,30025,6,2,9,0,1,31/01/2023,NO
60,30024,3,6,8,4,2,31/01/2023,NO
60,30023,2,5,2,1,8,31/01/2023,NO
60,30022,4,0,3,6,2,30/01/2023,SI
60,30021,3,9,6,2,6,30/01/2023,NO
60,30020,4,4,1,9,1,30/01/2023,SI
60,30019,3,1,8,9,5,30/01/2023,NO
60,30018,7,1,6,5,7,30/01/2023,NO
60,30017,4,1,6,8,1,29/01/2023,SI
60,30016,0,3,4,8,3,29/01/2023,SI
60,30015,6,1,0,8,4,29/01/2023,NO
60,30014,3,9,9,0,6,29/01/2023,NO
60,30013,8,4,3,1,4,29/01/2023,NO
60,30012,2,8,7,4,7,28/01/2023,SI
60,30011,0,8,2,2,2,28/01/2023,NO
60,30010,2,3,7,5,8,28/01/2023,NO
60,30009,9,8,7,6,5,28/01/2023,SI
60,30008,9,5,2,2,7,28/01/2023,NO
60,30007,2,3,9,7,8,27/01/2023,NO
60,30006,6,5,2,1,6,27/01/2023,NO
60,30005,2,9,8,6,9,27/01/2023,NO
60,30004,3,9,1,5,7,27/01/2023,SI
60,30003,6,3,1,6,0,27/01/2023,NO
60,30002,2,2,0,4,0,26/01/2023,SI
60,30001,3,1,9,4,2,26/01/2023,NO
60,30000,7,8,5,8,6,26/01/2023,SI
60,29999,0,1,7,7,4,26/01/2023,NO
60,29998,7,2,3,9,3,26/01/2023,NO
60,29997,9,7,1,9,2,25/01/2023,NO
60,29996,2,1,2,8,1,25/01/2023,SI
60,29995,0,5,9,5,0,25/01/2023,SI
60,29994,3,6,7,6,5,25/01/2023,SI
60,29993,6,9,8,0,8,25/01/2023,NO
60,29992,0,6,8,9,8,24/01/2023,NO
60,29991,8,1,7,3,7,24/01/2023,NO
60,29990,8,8,8,2,2,24/01/2023,SI
60,29989,2,1,6,3,0,24/01/2023,NO
60,29988,1,5,0,0,9,24/01/2023,SI
60,29987,2,2,3,2,4,23/01/2023,NO
60,29986,3,7,5,5,8,23/01/2023,SI
60,29985,4,1,4,1,9,23/01/2023,SI
60,29984,5,4,7,0,5,23/01/2023,NO
60,29983,4,4,3,0,9,23/01/2023,NO
60,29982,3,9,2,6,6,22/01/2023,NO
60,29981,4,9,7,8,8,22/01/2023,NO
60,29980,8,4,3,5,5,22/01/2023,SI
60,29979,0,9,4,5,5,22/01/2023,NO
60,29978,9,0,8,3,9,22/01/2023,NO
60,29977,7,7,0,3,5,21/01/2023,SI
60,29976,0,7,6,6,5,21/01/2023,NO
60,29975,6,4,9,7,2,21/01/2023,NO
60,29974,0,7,2,4,7,21/01/2023,NO
60,29973,9,5,6,4,1,21/01/2023,SI
60,29972,8,2,5,9,8,20/01/2023,SI
60,29971,8,2,1,3,4,20/01/2023,NO
60,29970,5,8,6,0,0,20/01/2023,NO
60,29969,5,4,8,6,8,20/01/2023,NO
60,29968,3,1,3,1,3,20/01/2023,NO
60,29967,7,8,9,4,9,19/01/2023,NO
60,29966,3,1,6,5,0,19/01/2023,SI
60,29965,3,7,2,6,4,19/01/2023,NO
60,29964,9,4,9,4,3,19/01/2023,SI
60,29963,8,3,2,8,7,19/01/2023,NO
60,29962,9,6,3,2,1,18/01/2023,NO
60,29961,9,0,2,6,5,18/01/2023,NO
60,29960,9,6,6,2,4,18/01/2023,NO
60,29959,2,9,9,0,7,18/01/2023,NO
60,29958,2,8,6,6,6,18/01/2023,NO
60,29957,4,6,6,7,3,17/01/2023,NO
60,29956,9,1,2,9,0,17/01/2023,NO
60,29955,2,9,3,7,2,17/01/2023,NO
60,29954,4,3,7,0,1,17/01/2023,NO
60,29953,7,1,4,9,4,17/01/2023,SI
60,29952,0,2,1,4,8,16/01/2023,SI
60,29951,6,6,2,8,0,16/01/2023,NO
60,29950,1,1,3,4,4,16/01/2023,NO
60,29949,6,4,1,3,4,16/01/2023,NO
60,29948,1,9,7,4,4,16/01/2023,NO
60,29947,6,4,2,9,7,15/01/2023,NO
60,29946,5,1,4,6,5,15/01/2023,NO
60,29945,4,4,8,6,4,15/01/2023,NO
60,29944,9,8,8,7,6,15/01/2023,NO
60,29943,3,4,4,4,4,15/01/2023,NO
60,29942,9,7,7,2,7,14/01/2023,NO
60,29941,9,5,3,4,3,14/01/2023,SI
60,29940,5,8,8,9,8,14/01/2023,NO
60,29939,0,4,0,3,7,14/01/2023,NO
60,29938,0,2,6,5,2,14/01/2023,NO
60,29937,5,7,7,3,8,13/01/2023,SI
60,29936,4,5,7,7,0,13/01/2023,NO
60,29935,3,4,2,3,2,13/01/2023,NO
60,29934,6,5,2,3,3,13/01/2023,SI
60,29933,9,8,1,8,8,13/01/2023,NO
60,29932,1,9,0,7,9,12/01/2023,NO
60,29931,7,4,9,2,7,12/01/2023,SI
60,29930,9,0,7,7,5,12/01/2023,NO
60,29929,4,1,4,6,6,12/01/2023,NO
60,29928,6,1,7,8,4,12/01/2023,NO
60,29927,8,5,5,9,5,11/01/2023,SI
60,29926,1,5,9,2,6,11/01/2023,NO
60,29925,3,6,7,6,9,11/01/2023,NO
60,29924,7,2,5,8,6,11/01/2023,NO
60,29923,3,3,2,4,4,11/01/2023,NO
60,29922,9,3,5,3,3,10/01/2023,NO
60,29921,2,8,3,0,0,10/01/2023,NO
60,29920,3,0,0,2,2,10/01/2023,SI
60,29919,4,8,2,6,9,10/01/2023,NO
60,29918,0,7,4,3,0,10/01/2023,NO
60,29917,7,7,7,5,6,09/01/2023,NO
60,29916,8,7,5,7,8,09/01/2023,NO
60,29915,2,1,0,7,1,09/01/2023,NO
60,29914,8,7,9,8,0,09/01/2023,SI
60,29913,6,2,9,7,8,09/01/2023,NO
60,29912,2,8,6,6,1,08/01/2023,NO
60,29911,2,5,9,8,4,08/01/2023,NO
60,29910,5,7,0,8,8,08/01/2023,NO
60,29909,8,8,8,1,7,08/01/2023,SI
60,29908,2,0,7,2,9,08/01/2023,NO
60,29907,3,4,7,8,4,07/01/2023,NO
60,29906,1,7,3,0,4,07/01/2023,SI
60,29905,3,9,1,2,2,07/01/2023,NO
60,29904,6,9,4,6,6,07/01/2023,NO
60,29903,3,6,0,0,3,07/01/2023,SI
60,29902,4,9,5,2,9,06/01/2023,NO
60,29901,6,3,1,9,9,06/01/2023,NO
60,29900,8,5,8,2,4,06/01/2023,NO
60,29899,7,2,8,5,9,06/01/2023,SI
60,29898,3,0,6,5,0,06/01/2023,NO
60,29897,8,4,9,5,9,05/01/2023,SI
60,29896,5,1,6,1,1,05/01/2023,NO
60,29895,4,7,3,4,7,05/01/2023,SI
60,29894,0,0,1,3,1,05/01/2023,NO
60,29893,9,4,8,9,1,05/01/2023,NO
60,29892,7,8,0,3,7,04/01/2023,NO
60,29891,0,5,3,3,3,04/01/2023,NO
60,29890,8,2,8,7,8,04/01/2023,NO
60,29889,9,9,5,5,4,04/01/2023,NO
60,29888,9,4,3,5,6,04/01/2023,NO
60,29887,4,5,7,7,0,03/01/2023,NO
60,29886,0,8,8,7,3,03/01/2023,NO
60,29885,3,5,2,1,2,03/01/2023,NO
60,29884,1,1,9,3,1,03/01/2023,NO
60,29883,3,9,4,1,6,03/01/2023,SI
60,29882,3,1,1,3,0,02/01/2023,NO
60,29881,5,1,5,4,1,02/01/2023,NO
60,29880,9,7,1,9,8,02/01/2023,NO
60,29879,2,4,3,7,3,02/01/2023,SI
60,29878,4,8,6,8,0,02/01/2023,NO
60,29877,5,7,3,7,6,01/01/2023,NO
60,29876,2,8,5,9,1,01/01/2023,NO
60,29875,0,7,3,7,7,01/01/2023,NO
60,29874,5,3,6,1,4,01/01/2023,NO
60,29873,0,9,9,2,3,01/01/2023,NO
